"Label (Grouping)","Alabama!!Estimate","Alabama!!Percent","Alaska!!Estimate","Alaska!!Percent","Arizona!!Estimate","Arizona!!Percent","Arkansas!!Estimate","Arkansas!!Percent","California!!Estimate","California!!Percent","Colorado!!Estimate","Colorado!!Percent","Connecticut!!Estimate","Connecticut!!Percent","Delaware!!Estimate","Delaware!!Percent","District of Columbia!!Estimate","District of Columbia!!Percent","Florida!!Estimate","Florida!!Percent","Georgia!!Estimate","Georgia!!Percent","Hawaii!!Estimate","Hawaii!!Percent","Idaho!!Estimate","Idaho!!Percent","Illinois!!Estimate","Illinois!!Percent","Indiana!!Estimate","Indiana!!Percent","Iowa!!Estimate","Iowa!!Percent","Kansas!!Estimate","Kansas!!Percent","Kentucky!!Estimate","Kentucky!!Percent","Louisiana!!Estimate","Louisiana!!Percent","Maine!!Estimate","Maine!!Percent","Maryland!!Estimate","Maryland!!Percent","Massachusetts!!Estimate","Massachusetts!!Percent","Michigan!!Estimate","Michigan!!Percent","Minnesota!!Estimate","Minnesota!!Percent","Mississippi!!Estimate","Mississippi!!Percent","Missouri!!Estimate","Missouri!!Percent","Montana!!Estimate","Montana!!Percent","Nebraska!!Estimate","Nebraska!!Percent","Nevada!!Estimate","Nevada!!Percent","New Hampshire!!Estimate","New Hampshire!!Percent","New Jersey!!Estimate","New Jersey!!Percent","New Mexico!!Estimate","New Mexico!!Percent","New York!!Estimate","New York!!Percent","North Carolina!!Estimate","North Carolina!!Percent","North Dakota!!Estimate","North Dakota!!Percent","Ohio!!Estimate","Ohio!!Percent","Oklahoma!!Estimate","Oklahoma!!Percent","Oregon!!Estimate","Oregon!!Percent","Pennsylvania!!Estimate","Pennsylvania!!Percent","Rhode Island!!Estimate","Rhode Island!!Percent","South Carolina!!Estimate","South Carolina!!Percent","South Dakota!!Estimate","South Dakota!!Percent","Tennessee!!Estimate","Tennessee!!Percent","Texas!!Estimate","Texas!!Percent","Utah!!Estimate","Utah!!Percent","Vermont!!Estimate","Vermont!!Percent","Virginia!!Estimate","Virginia!!Percent","Washington!!Estimate","Washington!!Percent","West Virginia!!Estimate","West Virginia!!Percent","Wisconsin!!Estimate","Wisconsin!!Percent","Wyoming!!Estimate","Wyoming!!Percent","Puerto Rico!!Estimate","Puerto Rico!!Percent"
"SEX AND AGE","","","","","","","","","","","","","","","","","","","","","","","","","","","","","","","","","","","","","","","","","","","","","","","","","","","","","","","","","","","","","","","","","","","","","","","","","","","","","","","","","","","","","","","","","","","","","","","","","","","","","","","",""
"    Total population","5,039,877","5,039,877","732,673","732,673","7,276,316","7,276,316","3,025,891","3,025,891","39,237,836","39,237,836","5,812,069","5,812,069","3,605,597","3,605,597","1,003,384","1,003,384","670,050","670,050","21,781,128","21,781,128","10,799,566","10,799,566","1,441,553","1,441,553","1,900,923","1,900,923","12,671,469","12,671,469","6,805,985","6,805,985","3,193,079","3,193,079","2,934,582","2,934,582","4,509,394","4,509,394","4,624,047","4,624,047","1,372,247","1,372,247","6,165,129","6,165,129","6,984,723","6,984,723","10,050,811","10,050,811","5,707,390","5,707,390","2,949,965","2,949,965","6,168,187","6,168,187","1,104,271","1,104,271","1,963,692","1,963,692","3,143,991","3,143,991","1,388,992","1,388,992","9,267,130","9,267,130","2,115,877","2,115,877","19,835,913","19,835,913","10,551,162","10,551,162","774,948","774,948","11,780,017","11,780,017","3,986,639","3,986,639","4,246,155","4,246,155","12,964,056","12,964,056","1,095,610","1,095,610","5,190,705","5,190,705","895,376","895,376","6,975,218","6,975,218","29,527,941","29,527,941","3,337,975","3,337,975","645,570","645,570","8,642,274","8,642,274","7,738,692","7,738,692","1,782,959","1,782,959","5,895,908","5,895,908","578,803","578,803","3,263,584","3,263,584"
"        Male","2,445,896","48.5%","383,121","52.3%","3,629,620","49.9%","1,493,681","49.4%","19,618,934","50.0%","2,943,037","50.6%","1,768,045","49.0%","485,908","48.4%","319,025","47.6%","10,714,520","49.2%","5,270,144","48.8%","725,604","50.3%","954,313","50.2%","6,264,364","49.4%","3,374,931","49.6%","1,603,267","50.2%","1,474,610","50.2%","2,229,328","49.4%","2,260,866","48.9%","673,483","49.1%","3,003,091","48.7%","3,408,252","48.8%","4,976,869","49.5%","2,860,668","50.1%","1,435,423","48.7%","3,045,181","49.4%","560,911","50.8%","986,019","50.2%","1,585,207","50.4%","693,234","49.9%","4,563,560","49.2%","1,052,355","49.7%","9,696,573","48.9%","5,149,323","48.8%","399,544","51.6%","5,808,575","49.3%","1,984,707","49.8%","2,121,532","50.0%","6,399,632","49.4%","536,589","49.0%","2,521,689","48.6%","451,950","50.5%","3,413,181","48.9%","14,739,011","49.9%","1,694,770","50.8%","320,293","49.6%","4,273,931","49.5%","3,897,320","50.4%","887,360","49.8%","2,955,249","50.1%","296,007","51.1%","1,543,991","47.3%"
"        Female","2,593,981","51.5%","349,552","47.7%","3,646,696","50.1%","1,532,210","50.6%","19,618,902","50.0%","2,869,032","49.4%","1,837,552","51.0%","517,476","51.6%","351,025","52.4%","11,066,608","50.8%","5,529,422","51.2%","715,949","49.7%","946,610","49.8%","6,407,105","50.6%","3,431,054","50.4%","1,589,812","49.8%","1,459,972","49.8%","2,280,066","50.6%","2,363,181","51.1%","698,764","50.9%","3,162,038","51.3%","3,576,471","51.2%","5,073,942","50.5%","2,846,722","49.9%","1,514,542","51.3%","3,123,006","50.6%","543,360","49.2%","977,673","49.8%","1,558,784","49.6%","695,758","50.1%","4,703,570","50.8%","1,063,522","50.3%","10,139,340","51.1%","5,401,839","51.2%","375,404","48.4%","5,971,442","50.7%","2,001,932","50.2%","2,124,623","50.0%","6,564,424","50.6%","559,021","51.0%","2,669,016","51.4%","443,426","49.5%","3,562,037","51.1%","14,788,930","50.1%","1,643,205","49.2%","325,277","50.4%","4,368,343","50.5%","3,841,372","49.6%","895,599","50.2%","2,940,659","49.9%","282,796","48.9%","1,719,593","52.7%"
"        Sex ratio (males per 100 females)","94.3","(X)","109.6","(X)","99.5","(X)","97.5","(X)","100.0","(X)","102.6","(X)","96.2","(X)","93.9","(X)","90.9","(X)","96.8","(X)","95.3","(X)","101.3","(X)","100.8","(X)","97.8","(X)","98.4","(X)","100.8","(X)","101.0","(X)","97.8","(X)","95.7","(X)","96.4","(X)","95.0","(X)","95.3","(X)","98.1","(X)","100.5","(X)","94.8","(X)","97.5","(X)","103.2","(X)","100.9","(X)","101.7","(X)","99.6","(X)","97.0","(X)","98.9","(X)","95.6","(X)","95.3","(X)","106.4","(X)","97.3","(X)","99.1","(X)","99.9","(X)","97.5","(X)","96.0","(X)","94.5","(X)","101.9","(X)","95.8","(X)","99.7","(X)","103.1","(X)","98.5","(X)","97.8","(X)","101.5","(X)","99.1","(X)","100.5","(X)","104.7","(X)","89.8","(X)"
"        Under 5 years","290,091","5.8%","46,198","6.3%","402,255","5.5%","179,924","5.9%","2,210,235","5.6%","307,837","5.3%","177,577","4.9%","53,039","5.3%","40,809","6.1%","1,091,954","5.0%","625,969","5.8%","81,220","5.6%","113,051","5.9%","703,551","5.6%","408,030","6.0%","187,257","5.9%","177,567","6.1%","259,278","5.7%","281,958","6.1%","61,034","4.4%","350,650","5.7%","346,175","5.0%","545,979","5.4%","330,734","5.8%","173,282","5.9%","353,946","5.7%","56,091","5.1%","124,596","6.3%","177,077","5.6%","62,220","4.5%","516,200","5.6%","115,102","5.4%","1,092,698","5.5%","582,801","5.5%","51,150","6.6%","668,935","5.7%","241,605","6.1%","210,330","5.0%","678,078","5.2%","52,767","4.8%","275,793","5.3%","58,079","6.5%","397,258","5.7%","1,891,627","6.4%","234,281","7.0%","27,160","4.2%","480,992","5.6%","432,524","5.6%","88,784","5.0%","315,264","5.3%","30,233","5.2%","103,841","3.2%"
"        5 to 9 years","298,540","5.9%","52,071","7.1%","446,309","6.1%","196,276","6.5%","2,358,988","6.0%","336,492","5.8%","196,796","5.5%","58,410","5.8%","35,833","5.3%","1,146,199","5.3%","665,082","6.2%","83,657","5.8%","129,930","6.8%","786,184","6.2%","427,997","6.3%","201,486","6.3%","192,659","6.6%","278,095","6.2%","296,065","6.4%","69,073","5.0%","374,919","6.1%","365,253","5.2%","585,574","5.8%","359,171","6.3%","176,878","6.0%","375,051","6.1%","67,195","6.1%","131,276","6.7%","190,763","6.1%","67,409","4.9%","551,684","6.0%","129,840","6.1%","1,107,024","5.6%","617,727","5.9%","51,932","6.7%","716,330","6.1%","266,404","6.7%","234,955","5.5%","723,022","5.6%","55,659","5.1%","308,096","5.9%","63,078","7.0%","425,066","6.1%","2,055,807","7.0%","264,290","7.9%","30,530","4.7%","514,219","6.0%","467,851","6.0%","97,530","5.5%","344,082","5.8%","36,056","6.2%","150,197","4.6%"
"        10 to 14 years","337,730","6.7%","52,507","7.2%","476,245","6.5%","204,485","6.8%","2,647,372","6.7%","374,046","6.4%","212,689","5.9%","59,908","6.0%","33,735","5.0%","1,291,404","5.9%","777,105","7.2%","91,875","6.4%","142,097","7.5%","805,013","6.4%","469,282","6.9%","216,296","6.8%","209,418","7.1%","299,116","6.6%","320,217","6.9%","73,257","5.3%","397,263","6.4%","401,988","5.8%","632,071","6.3%","388,627","6.8%","217,287","7.4%","412,491","6.7%","70,386","6.4%","144,006","7.3%","208,610","6.6%","78,890","5.7%","592,878","6.4%","142,722","6.7%","1,192,942","6.0%","689,760","6.5%","51,739","6.7%","758,004","6.4%","282,920","7.1%","260,324","6.1%","796,302","6.1%","61,626","5.6%","330,103","6.4%","62,294","7.0%","445,462","6.4%","2,206,526","7.5%","277,848","8.3%","37,604","5.8%","559,020","6.5%","492,114","6.4%","110,454","6.2%","384,146","6.5%","41,288","7.1%","176,442","5.4%"
"        15 to 19 years","338,347","6.7%","50,263","6.9%","482,998","6.6%","206,963","6.8%","2,579,680","6.6%","375,792","6.5%","244,686","6.8%","63,288","6.3%","35,516","5.3%","1,245,029","5.7%","771,330","7.1%","76,899","5.3%","138,443","7.3%","843,352","6.7%","472,765","6.9%","225,888","7.1%","209,868","7.2%","306,094","6.8%","302,036","6.5%","76,221","5.6%","390,410","6.3%","460,404","6.6%","656,015","6.5%","376,524","6.6%","215,082","7.3%","411,180","6.7%","68,883","6.2%","137,800","7.0%","189,336","6.0%","85,699","6.2%","579,783","6.3%","145,753","6.9%","1,216,068","6.1%","709,711","6.7%","52,465","6.8%","771,242","6.5%","277,643","7.0%","255,395","6.0%","819,892","6.3%","74,948","6.8%","351,834","6.8%","63,224","7.1%","449,515","6.4%","2,136,373","7.2%","270,529","8.1%","41,810","6.5%","570,825","6.6%","463,399","6.0%","108,222","6.1%","388,505","6.6%","40,161","6.9%","205,814","6.3%"
"        20 to 24 years","323,961","6.4%","45,855","6.3%","488,212","6.7%","200,480","6.6%","2,531,692","6.5%","373,720","6.4%","239,473","6.6%","57,635","5.7%","45,383","6.8%","1,244,420","5.7%","725,809","6.7%","86,215","6.0%","119,836","6.3%","802,672","6.3%","468,280","6.9%","224,891","7.0%","202,937","6.9%","288,944","6.4%","306,585","6.6%","77,584","5.7%","378,627","6.1%","476,148","6.8%","659,277","6.6%","353,592","6.2%","199,269","6.8%","388,885","6.3%","74,958","6.8%","133,478","6.8%","185,379","5.9%","86,456","6.2%","552,158","6.0%","131,911","6.2%","1,240,087","6.3%","705,531","6.7%","60,923","7.9%","747,533","6.3%","278,178","7.0%","254,516","6.0%","784,817","6.1%","77,146","7.0%","326,481","6.3%","58,324","6.5%","443,384","6.4%","2,012,920","6.8%","280,300","8.4%","45,761","7.1%","574,546","6.6%","481,655","6.2%","112,530","6.3%","387,572","6.6%","35,717","6.2%","225,881","6.9%"
"        25 to 34 years","633,583","12.6%","112,341","15.3%","1,000,536","13.8%","384,776","12.7%","5,827,869","14.9%","901,297","15.5%","450,863","12.5%","128,564","12.8%","145,879","21.8%","2,738,541","12.6%","1,464,846","13.6%","197,767","13.7%","246,440","13.0%","1,705,429","13.5%","882,725","13.0%","390,807","12.2%","376,531","12.8%","582,979","12.9%","610,641","13.2%","165,666","12.1%","816,525","13.2%","979,614","14.0%","1,314,354","13.1%","742,562","13.0%","356,944","12.1%","800,642","13.0%","139,869","12.7%","252,836","12.9%","451,763","14.4%","178,294","12.8%","1,185,697","12.8%","279,475","13.2%","2,793,961","14.1%","1,376,664","13.0%","110,330","14.2%","1,539,983","13.1%","529,075","13.3%","595,688","14.0%","1,694,898","13.1%","147,146","13.4%","660,935","12.7%","110,211","12.3%","939,035","13.5%","4,239,952","14.4%","485,796","14.6%","76,472","11.8%","1,156,787","13.4%","1,165,183","15.1%","201,957","11.3%","737,899","12.5%","70,511","12.2%","402,204","12.3%"
"        35 to 44 years","637,640","12.7%","102,955","14.1%","915,424","12.6%","383,984","12.7%","5,414,686","13.8%","850,293","14.6%","451,126","12.5%","122,088","12.2%","110,899","16.6%","2,728,862","12.5%","1,448,368","13.4%","190,893","13.2%","253,434","13.3%","1,684,439","13.3%","871,732","12.8%","408,966","12.8%","378,985","12.9%","573,400","12.7%","621,977","13.5%","167,449","12.2%","829,291","13.5%","899,535","12.9%","1,214,574","12.1%","770,652","13.5%","383,035","13.0%","796,300","12.9%","140,486","12.7%","258,269","13.2%","433,819","13.8%","166,486","12.0%","1,223,127","13.2%","273,961","12.9%","2,556,851","12.9%","1,350,937","12.8%","100,570","13.0%","1,460,736","12.4%","528,611","13.3%","594,829","14.0%","1,613,651","12.4%","137,307","12.5%","651,268","12.5%","112,477","12.6%","901,748","12.9%","4,142,711","14.0%","467,144","14.0%","78,268","12.1%","1,178,430","13.6%","1,100,352","14.2%","222,511","12.5%","747,903","12.7%","80,122","13.8%","400,607","12.3%"
"        45 to 54 years","618,370","12.3%","82,460","11.3%","850,341","11.7%","356,752","11.8%","4,928,928","12.6%","709,731","12.2%","462,437","12.8%","115,300","11.5%","70,143","10.5%","2,717,108","12.5%","1,398,844","13.0%","169,360","11.7%","216,442","11.4%","1,586,115","12.5%","818,064","12.0%","355,466","11.1%","326,873","11.1%","552,306","12.2%","527,337","11.4%","170,699","12.4%","786,155","12.8%","875,663","12.5%","1,222,520","12.2%","669,001","11.7%","355,047","12.0%","717,744","11.6%","120,361","10.9%","216,069","11.0%","396,966","12.6%","178,476","12.8%","1,217,153","13.1%","235,029","11.1%","2,464,191","12.4%","1,353,447","12.8%","78,905","10.2%","1,424,952","12.1%","448,649","11.3%","522,034","12.3%","1,574,763","12.1%","133,337","12.2%","623,044","12.0%","94,783","10.6%","871,706","12.5%","3,627,516","12.3%","358,090","10.7%","77,822","12.1%","1,079,930","12.5%","927,446","12.0%","222,071","12.5%","702,240","11.9%","65,531","11.3%","415,974","12.7%"
"        55 to 59 years","333,592","6.6%","42,971","5.9%","423,315","5.8%","195,773","6.5%","2,446,661","6.2%","340,066","5.9%","257,827","7.2%","67,381","6.7%","32,661","4.9%","1,468,809","6.7%","679,360","6.3%","88,407","6.1%","109,604","5.8%","820,153","6.5%","423,628","6.2%","194,787","6.1%","175,846","6.0%","298,504","6.6%","288,103","6.2%","103,180","7.5%","415,779","6.7%","483,826","6.9%","673,468","6.7%","368,617","6.5%","178,469","6.0%","392,898","6.4%","68,791","6.2%","118,788","6.0%","194,327","6.2%","104,919","7.6%","651,896","7.0%","126,728","6.0%","1,328,662","6.7%","675,797","6.4%","44,083","5.7%","766,138","6.5%","234,480","5.9%","252,441","5.9%","874,553","6.7%","72,482","6.6%","336,553","6.5%","52,978","5.9%","444,101","6.4%","1,694,061","5.7%","155,329","4.7%","46,986","7.3%","558,828","6.5%","466,800","6.0%","120,035","6.7%","413,935","7.0%","33,776","5.8%","220,356","6.8%"
"        60 to 64 years","342,214","6.8%","46,642","6.4%","456,696","6.3%","191,325","6.3%","2,327,199","5.9%","362,628","6.2%","262,951","7.3%","76,220","7.6%","33,577","5.0%","1,509,806","6.9%","657,166","6.1%","92,693","6.4%","117,636","6.2%","831,252","6.6%","447,903","6.6%","219,654","6.9%","194,222","6.6%","302,262","6.7%","302,798","6.5%","110,983","8.1%","422,127","6.8%","479,670","6.9%","723,695","7.2%","388,638","6.8%","197,727","6.7%","434,282","7.0%","79,953","7.2%","123,741","6.3%","196,383","6.2%","112,402","8.1%","632,933","6.8%","143,559","6.8%","1,366,092","6.9%","692,418","6.6%","49,011","6.3%","823,595","7.0%","253,900","6.4%","275,747","6.5%","939,177","7.2%","82,991","7.6%","359,375","6.9%","62,045","6.9%","470,589","6.7%","1,628,037","5.5%","156,248","4.7%","49,984","7.7%","562,217","6.5%","489,728","6.3%","130,090","7.3%","420,115","7.1%","41,586","7.2%","221,782","6.8%"
"        65 to 74 years","540,223","10.7%","67,291","9.2%","784,367","10.8%","314,630","10.4%","3,569,204","9.1%","559,142","9.6%","379,439","10.5%","125,407","12.5%","50,531","7.5%","2,593,260","11.9%","996,941","9.2%","162,556","11.3%","194,545","10.2%","1,263,043","10.0%","684,786","10.1%","338,725","10.6%","294,549","10.0%","475,760","10.6%","476,748","10.3%","183,971","13.4%","606,989","9.8%","730,785","10.5%","1,118,258","11.1%","580,993","10.2%","308,553","10.5%","652,869","10.6%","136,402","12.4%","195,985","10.0%","323,723","10.3%","166,853","12.0%","923,188","10.0%","240,038","11.3%","2,042,776","10.3%","1,106,972","10.5%","73,382","9.5%","1,283,153","10.9%","391,442","9.8%","491,149","11.6%","1,467,788","11.3%","119,016","10.9%","606,552","11.7%","97,835","10.9%","732,101","10.5%","2,425,031","8.2%","241,839","7.2%","82,361","12.8%","855,903","9.9%","781,030","10.1%","226,586","12.7%","647,116","11.0%","66,418","11.5%","384,163","11.8%"
"        75 to 84 years","263,830","5.2%","24,410","3.3%","421,509","5.8%","158,682","5.2%","1,716,875","4.4%","239,093","4.1%","186,463","5.2%","57,183","5.7%","24,706","3.7%","1,472,982","6.8%","449,356","4.2%","84,391","5.9%","89,135","4.7%","611,321","4.8%","313,800","4.6%","159,799","5.0%","139,386","4.7%","217,019","4.8%","214,911","4.6%","84,068","6.1%","288,037","4.7%","336,776","4.8%","513,485","5.1%","267,822","4.7%","142,831","4.8%","313,164","5.1%","60,631","5.5%","88,320","4.5%","152,253","4.8%","75,219","5.4%","453,931","4.9%","111,307","5.3%","1,019,837","5.1%","519,142","4.9%","33,951","4.4%","592,203","5.0%","189,159","4.7%","221,356","5.2%","704,675","5.4%","56,220","5.1%","276,243","5.3%","42,176","4.7%","343,066","4.9%","1,099,506","3.7%","108,642","3.3%","36,980","5.7%","403,700","4.7%","347,147","4.5%","106,368","6.0%","291,699","4.9%","26,372","4.6%","259,065","7.9%"
"        85 years and over","81,756","1.6%","6,709","0.9%","128,109","1.8%","51,841","1.7%","678,447","1.7%","81,932","1.4%","83,270","2.3%","18,961","1.9%","10,378","1.5%","532,754","2.4%","139,390","1.3%","35,620","2.5%","30,330","1.6%","228,945","1.8%","116,993","1.7%","69,057","2.2%","55,741","1.9%","75,637","1.7%","74,671","1.6%","29,062","2.1%","108,357","1.8%","148,886","2.1%","191,541","1.9%","110,457","1.9%","45,561","1.5%","118,735","1.9%","20,265","1.8%","38,528","2.0%","43,592","1.4%","25,669","1.8%","186,502","2.0%","40,452","1.9%","414,724","2.1%","170,255","1.6%","16,507","2.1%","227,213","1.9%","64,573","1.6%","77,391","1.8%","292,440","2.3%","24,965","2.3%","84,428","1.6%","17,872","2.0%","112,187","1.6%","367,874","1.2%","37,639","1.1%","13,832","2.1%","146,877","1.7%","123,463","1.6%","35,821","2.0%","115,432","2.0%","11,032","1.9%","97,258","3.0%"
"        Median age (years)","39.8","(X)","35.6","(X)","38.6","(X)","38.5","(X)","37.6","(X)","37.6","(X)","41.1","(X)","41.6","(X)","34.8","(X)","42.8","(X)","37.5","(X)","40.2","(X)","37.3","(X)","39.0","(X)","38.2","(X)","38.5","(X)","37.3","(X)","39.1","(X)","38.0","(X)","44.7","(X)","39.3","(X)","39.9","(X)","40.2","(X)","38.8","(X)","38.6","(X)","39.2","(X)","40.1","(X)","37.2","(X)","38.7","(X)","43.1","(X)","40.3","(X)","39.1","(X)","39.8","(X)","39.4","(X)","35.8","(X)","39.6","(X)","37.2","(X)","40.1","(X)","40.9","(X)","40.6","(X)","40.2","(X)","37.6","(X)","39.2","(X)","35.5","(X)","31.8","(X)","42.9","(X)","38.8","(X)","38.2","(X)","42.8","(X)","40.1","(X)","39.0","(X)","44.1","(X)"
"        Under 18 years","1,119,942","22.2%","179,401","24.5%","1,614,284","22.2%","703,793","23.3%","8,769,779","22.4%","1,241,947","21.4%","727,239","20.2%","208,517","20.8%","125,729","18.8%","4,287,823","19.7%","2,522,124","23.4%","304,201","21.1%","469,986","24.7%","2,800,177","22.1%","1,585,398","23.3%","736,984","23.1%","702,206","23.9%","1,015,455","22.5%","1,082,043","23.4%","249,675","18.2%","1,360,097","22.1%","1,361,940","19.5%","2,151,937","21.4%","1,308,981","22.9%","691,885","23.5%","1,383,537","22.4%","234,847","21.3%","482,202","24.6%","697,619","22.2%","256,254","18.4%","2,020,876","21.8%","471,808","22.3%","4,103,566","20.7%","2,299,746","21.8%","182,589","23.6%","2,603,410","22.1%","957,938","24.0%","858,666","20.2%","2,674,227","20.6%","208,321","19.0%","1,115,996","21.5%","220,621","24.6%","1,537,615","22.0%","7,456,547","25.3%","945,457","28.3%","116,767","18.1%","1,881,818","21.8%","1,675,782","21.7%","361,392","20.3%","1,274,605","21.6%","131,529","22.7%","545,788","16.7%"
"        16 years and over","4,046,627","80.3%","571,832","78.0%","5,852,913","80.4%","2,405,035","79.5%","31,507,237","80.3%","4,720,626","81.2%","2,971,314","82.4%","819,868","81.7%","553,437","82.6%","18,010,659","82.7%","8,575,918","79.4%","1,166,220","80.9%","1,484,932","78.1%","10,203,044","80.5%","5,401,077","79.4%","2,543,525","79.7%","2,315,379","78.9%","3,612,858","80.1%","3,663,069","79.2%","1,155,699","84.2%","4,964,751","80.5%","5,790,261","82.9%","8,156,411","81.2%","4,554,126","79.8%","2,340,485","79.3%","4,949,628","80.2%","895,986","81.1%","1,534,896","78.2%","2,526,328","80.4%","1,164,253","83.8%","7,489,289","80.8%","1,700,082","80.3%","16,210,453","81.7%","8,524,268","80.8%","610,714","78.8%","9,480,334","80.5%","3,140,799","78.8%","3,487,919","82.1%","10,602,171","81.8%","913,136","83.3%","4,207,365","81.1%","699,893","78.2%","5,616,708","80.5%","22,934,023","77.7%","2,507,029","75.1%","542,827","84.1%","6,980,718","80.8%","6,250,868","80.8%","1,465,755","82.2%","4,773,326","81.0%","461,622","79.8%","2,794,959","85.6%"
"        18 years and over","3,919,935","77.8%","553,272","75.5%","5,662,032","77.8%","2,322,098","76.7%","30,468,057","77.6%","4,570,122","78.6%","2,878,358","79.8%","794,867","79.2%","544,321","81.2%","17,493,305","80.3%","8,277,442","76.6%","1,137,352","78.9%","1,430,937","75.3%","9,871,292","77.9%","5,220,587","76.7%","2,456,095","76.9%","2,232,376","76.1%","3,493,939","77.5%","3,542,004","76.6%","1,122,572","81.8%","4,805,032","77.9%","5,622,783","80.5%","7,898,874","78.6%","4,398,409","77.1%","2,258,080","76.5%","4,784,650","77.6%","869,424","78.7%","1,481,490","75.4%","2,446,372","77.8%","1,132,738","81.6%","7,246,254","78.2%","1,644,069","77.7%","15,732,347","79.3%","8,251,416","78.2%","592,359","76.4%","9,176,607","77.9%","3,028,701","76.0%","3,387,489","79.8%","10,289,829","79.4%","887,289","81.0%","4,074,709","78.5%","674,755","75.4%","5,437,603","78.0%","22,071,394","74.7%","2,392,518","71.7%","528,803","81.9%","6,760,456","78.2%","6,062,910","78.3%","1,421,567","79.7%","4,621,303","78.4%","447,274","77.3%","2,717,796","83.3%"
"        21 years and over","3,699,142","73.4%","521,655","71.2%","5,372,612","73.8%","2,194,015","72.5%","28,918,596","73.7%","4,346,563","74.8%","2,721,498","75.5%","754,148","75.2%","515,012","76.9%","16,753,101","76.9%","7,812,956","72.3%","1,091,307","75.7%","1,354,704","71.3%","9,374,318","74.0%","4,933,998","72.5%","2,309,493","72.3%","2,104,009","71.7%","3,307,289","73.3%","3,354,571","72.5%","1,073,239","78.2%","4,579,503","74.3%","5,308,211","76.0%","7,491,294","74.5%","4,179,313","73.2%","2,126,566","72.1%","4,536,481","73.5%","827,777","75.0%","1,401,882","71.4%","2,339,377","74.4%","1,075,694","77.4%","6,920,044","74.7%","1,558,126","73.6%","14,973,928","75.5%","7,802,457","73.9%","555,602","71.7%","8,700,622","73.9%","2,854,120","71.6%","3,233,564","76.2%","9,775,539","75.4%","832,043","75.9%","3,852,732","74.2%","637,381","71.2%","5,158,274","74.0%","20,833,448","70.6%","2,234,764","66.9%","497,878","77.1%","6,397,867","74.0%","5,786,705","74.8%","1,352,112","75.8%","4,382,920","74.3%","425,155","73.5%","2,574,430","78.9%"
"        62 years and over","1,090,086","21.6%","124,583","17.0%","1,609,301","22.1%","639,556","21.1%","7,330,977","18.7%","1,097,994","18.9%","804,856","22.3%","247,308","24.6%","103,636","15.5%","5,483,858","25.2%","1,963,519","18.2%","337,598","23.4%","384,096","20.2%","2,587,525","20.4%","1,373,071","20.2%","694,821","21.8%","605,126","20.6%","948,336","21.0%","943,867","20.4%","360,627","26.3%","1,251,529","20.3%","1,497,194","21.4%","2,254,958","22.4%","1,192,419","20.9%","618,320","21.0%","1,340,642","21.7%","265,002","24.0%","395,341","20.1%","638,661","20.3%","334,390","24.1%","1,941,256","20.9%","477,434","22.6%","4,277,704","21.6%","2,203,558","20.9%","152,120","19.6%","2,602,834","22.1%","795,558","20.0%","953,489","22.5%","3,028,002","23.4%","246,437","22.5%","1,185,610","22.8%","191,481","21.4%","1,470,825","21.1%","4,842,500","16.4%","480,934","14.4%","163,429","25.3%","1,735,471","20.1%","1,543,873","20.0%","449,103","25.2%","1,300,106","22.1%","128,172","22.1%","865,784","26.5%"
"        65 years and over","885,809","17.6%","98,410","13.4%","1,333,985","18.3%","525,153","17.4%","5,964,526","15.2%","880,167","15.1%","649,172","18.0%","201,551","20.1%","85,615","12.8%","4,598,996","21.1%","1,585,687","14.7%","282,567","19.6%","314,010","16.5%","2,103,309","16.6%","1,115,579","16.4%","567,581","17.8%","489,676","16.7%","768,416","17.0%","766,330","16.6%","297,101","21.7%","1,003,383","16.3%","1,216,447","17.4%","1,823,284","18.1%","959,272","16.8%","496,945","16.8%","1,084,768","17.6%","217,298","19.7%","322,833","16.4%","519,568","16.5%","267,741","19.3%","1,563,621","16.9%","391,797","18.5%","3,477,337","17.5%","1,796,369","17.0%","123,840","16.0%","2,102,569","17.8%","645,174","16.2%","789,896","18.6%","2,464,903","19.0%","200,201","18.3%","967,223","18.6%","157,883","17.6%","1,187,354","17.0%","3,892,411","13.2%","388,120","11.6%","133,173","20.6%","1,406,480","16.3%","1,251,640","16.2%","368,775","20.7%","1,054,247","17.9%","103,822","17.9%","740,486","22.7%"
"        18 years and over","3,919,935","3,919,935","553,272","553,272","5,662,032","5,662,032","2,322,098","2,322,098","30,468,057","30,468,057","4,570,122","4,570,122","2,878,358","2,878,358","794,867","794,867","544,321","544,321","17,493,305","17,493,305","8,277,442","8,277,442","1,137,352","1,137,352","1,430,937","1,430,937","9,871,292","9,871,292","5,220,587","5,220,587","2,456,095","2,456,095","2,232,376","2,232,376","3,493,939","3,493,939","3,542,004","3,542,004","1,122,572","1,122,572","4,805,032","4,805,032","5,622,783","5,622,783","7,898,874","7,898,874","4,398,409","4,398,409","2,258,080","2,258,080","4,784,650","4,784,650","869,424","869,424","1,481,490","1,481,490","2,446,372","2,446,372","1,132,738","1,132,738","7,246,254","7,246,254","1,644,069","1,644,069","15,732,347","15,732,347","8,251,416","8,251,416","592,359","592,359","9,176,607","9,176,607","3,028,701","3,028,701","3,387,489","3,387,489","10,289,829","10,289,829","887,289","887,289","4,074,709","4,074,709","674,755","674,755","5,437,603","5,437,603","22,071,394","22,071,394","2,392,518","2,392,518","528,803","528,803","6,760,456","6,760,456","6,062,910","6,062,910","1,421,567","1,421,567","4,621,303","4,621,303","447,274","447,274","2,717,796","2,717,796"
"            Male","1,875,393","47.8%","290,138","52.4%","2,806,606","49.6%","1,130,503","48.7%","15,126,455","49.6%","2,306,499","50.5%","1,397,402","48.5%","381,310","48.0%","255,085","46.9%","8,517,071","48.7%","3,973,864","48.0%","567,757","49.9%","713,885","49.9%","4,831,101","48.9%","2,560,657","49.0%","1,220,432","49.7%","1,109,897","49.7%","1,709,041","48.9%","1,709,923","48.3%","546,431","48.7%","2,307,141","48.0%","2,712,542","48.2%","3,876,284","49.1%","2,189,928","49.8%","1,078,182","47.7%","2,332,846","48.8%","438,971","50.5%","736,674","49.7%","1,227,529","50.2%","561,376","49.6%","3,527,707","48.7%","811,963","49.4%","7,594,117","48.3%","3,973,696","48.2%","305,827","51.6%","4,474,420","48.8%","1,490,820","49.2%","1,676,388","49.5%","5,027,852","48.9%","429,137","48.4%","1,953,635","47.9%","339,358","50.3%","2,629,428","48.4%","10,925,097","49.5%","1,204,293","50.3%","260,066","49.2%","3,308,083","48.9%","3,038,786","50.1%","702,021","49.4%","2,298,443","49.7%","228,117","51.0%","1,267,414","46.6%"
"            Female","2,044,542","52.2%","263,134","47.6%","2,855,426","50.4%","1,191,595","51.3%","15,341,602","50.4%","2,263,623","49.5%","1,480,956","51.5%","413,557","52.0%","289,236","53.1%","8,976,234","51.3%","4,303,578","52.0%","569,595","50.1%","717,052","50.1%","5,040,191","51.1%","2,659,930","51.0%","1,235,663","50.3%","1,122,479","50.3%","1,784,898","51.1%","1,832,081","51.7%","576,141","51.3%","2,497,891","52.0%","2,910,241","51.8%","4,022,590","50.9%","2,208,481","50.2%","1,179,898","52.3%","2,451,804","51.2%","430,453","49.5%","744,816","50.3%","1,218,843","49.8%","571,362","50.4%","3,718,547","51.3%","832,106","50.6%","8,138,230","51.7%","4,277,720","51.8%","286,532","48.4%","4,702,187","51.2%","1,537,881","50.8%","1,711,101","50.5%","5,261,977","51.1%","458,152","51.6%","2,121,074","52.1%","335,397","49.7%","2,808,175","51.6%","11,146,297","50.5%","1,188,225","49.7%","268,737","50.8%","3,452,373","51.1%","3,024,124","49.9%","719,546","50.6%","2,322,860","50.3%","219,157","49.0%","1,450,382","53.4%"
"            Sex ratio (males per 100 females)","91.7","(X)","110.3","(X)","98.3","(X)","94.9","(X)","98.6","(X)","101.9","(X)","94.4","(X)","92.2","(X)","88.2","(X)","94.9","(X)","92.3","(X)","99.7","(X)","99.6","(X)","95.9","(X)","96.3","(X)","98.8","(X)","98.9","(X)","95.8","(X)","93.3","(X)","94.8","(X)","92.4","(X)","93.2","(X)","96.4","(X)","99.2","(X)","91.4","(X)","95.1","(X)","102.0","(X)","98.9","(X)","100.7","(X)","98.3","(X)","94.9","(X)","97.6","(X)","93.3","(X)","92.9","(X)","106.7","(X)","95.2","(X)","96.9","(X)","98.0","(X)","95.6","(X)","93.7","(X)","92.1","(X)","101.2","(X)","93.6","(X)","98.0","(X)","101.4","(X)","96.8","(X)","95.8","(X)","100.5","(X)","97.6","(X)","98.9","(X)","104.1","(X)","87.4","(X)"
"        65 years and over","885,809","885,809","98,410","98,410","1,333,985","1,333,985","525,153","525,153","5,964,526","5,964,526","880,167","880,167","649,172","649,172","201,551","201,551","85,615","85,615","4,598,996","4,598,996","1,585,687","1,585,687","282,567","282,567","314,010","314,010","2,103,309","2,103,309","1,115,579","1,115,579","567,581","567,581","489,676","489,676","768,416","768,416","766,330","766,330","297,101","297,101","1,003,383","1,003,383","1,216,447","1,216,447","1,823,284","1,823,284","959,272","959,272","496,945","496,945","1,084,768","1,084,768","217,298","217,298","322,833","322,833","519,568","519,568","267,741","267,741","1,563,621","1,563,621","391,797","391,797","3,477,337","3,477,337","1,796,369","1,796,369","123,840","123,840","2,102,569","2,102,569","645,174","645,174","789,896","789,896","2,464,903","2,464,903","200,201","200,201","967,223","967,223","157,883","157,883","1,187,354","1,187,354","3,892,411","3,892,411","388,120","388,120","133,173","133,173","1,406,480","1,406,480","1,251,640","1,251,640","368,775","368,775","1,054,247","1,054,247","103,822","103,822","740,486","740,486"
"            Male","389,233","43.9%","49,676","50.5%","618,438","46.4%","235,273","44.8%","2,692,059","45.1%","409,156","46.5%","288,579","44.5%","90,883","45.1%","35,541","41.5%","2,093,608","45.5%","696,444","43.9%","129,620","45.9%","149,390","47.6%","935,240","44.5%","499,216","44.7%","259,870","45.8%","221,867","45.3%","344,356","44.8%","340,887","44.5%","137,231","46.2%","438,835","43.7%","537,486","44.2%","828,523","45.4%","443,628","46.2%","218,701","44.0%","486,019","44.8%","105,093","48.4%","147,727","45.8%","246,250","47.4%","124,465","46.5%","687,935","44.0%","181,128","46.2%","1,528,102","43.9%","793,142","44.2%","57,921","46.8%","941,491","44.8%","290,701","45.1%","364,260","46.1%","1,102,990","44.7%","88,596","44.3%","433,947","44.9%","74,645","47.3%","532,524","44.8%","1,759,351","45.2%","183,193","47.2%","62,475","46.9%","629,524","44.8%","577,356","46.1%","170,052","46.1%","488,506","46.3%","50,609","48.7%","320,068","43.2%"
"            Female","496,576","56.1%","48,734","49.5%","715,547","53.6%","289,880","55.2%","3,272,467","54.9%","471,011","53.5%","360,593","55.5%","110,668","54.9%","50,074","58.5%","2,505,388","54.5%","889,243","56.1%","152,947","54.1%","164,620","52.4%","1,168,069","55.5%","616,363","55.3%","307,711","54.2%","267,809","54.7%","424,060","55.2%","425,443","55.5%","159,870","53.8%","564,548","56.3%","678,961","55.8%","994,761","54.6%","515,644","53.8%","278,244","56.0%","598,749","55.2%","112,205","51.6%","175,106","54.2%","273,318","52.6%","143,276","53.5%","875,686","56.0%","210,669","53.8%","1,949,235","56.1%","1,003,227","55.8%","65,919","53.2%","1,161,078","55.2%","354,473","54.9%","425,636","53.9%","1,361,913","55.3%","111,605","55.7%","533,276","55.1%","83,238","52.7%","654,830","55.2%","2,133,060","54.8%","204,927","52.8%","70,698","53.1%","776,956","55.2%","674,284","53.9%","198,723","53.9%","565,741","53.7%","53,213","51.3%","420,418","56.8%"
"            Sex ratio (males per 100 females)","78.4","(X)","101.9","(X)","86.4","(X)","81.2","(X)","82.3","(X)","86.9","(X)","80.0","(X)","82.1","(X)","71.0","(X)","83.6","(X)","78.3","(X)","84.7","(X)","90.7","(X)","80.1","(X)","81.0","(X)","84.5","(X)","82.8","(X)","81.2","(X)","80.1","(X)","85.8","(X)","77.7","(X)","79.2","(X)","83.3","(X)","86.0","(X)","78.6","(X)","81.2","(X)","93.7","(X)","84.4","(X)","90.1","(X)","86.9","(X)","78.6","(X)","86.0","(X)","78.4","(X)","79.1","(X)","87.9","(X)","81.1","(X)","82.0","(X)","85.6","(X)","81.0","(X)","79.4","(X)","81.4","(X)","89.7","(X)","81.3","(X)","82.5","(X)","89.4","(X)","88.4","(X)","81.0","(X)","85.6","(X)","85.6","(X)","86.3","(X)","95.1","(X)","76.1","(X)"
"RACE","","","","","","","","","","","","","","","","","","","","","","","","","","","","","","","","","","","","","","","","","","","","","","","","","","","","","","","","","","","","","","","","","","","","","","","","","","","","","","","","","","","","","","","","","","","","","","","","","","","","","","","",""
"    Total population","5,039,877","5,039,877","732,673","732,673","7,276,316","7,276,316","3,025,891","3,025,891","39,237,836","39,237,836","5,812,069","5,812,069","3,605,597","3,605,597","1,003,384","1,003,384","670,050","670,050","21,781,128","21,781,128","10,799,566","10,799,566","1,441,553","1,441,553","1,900,923","1,900,923","12,671,469","12,671,469","6,805,985","6,805,985","3,193,079","3,193,079","2,934,582","2,934,582","4,509,394","4,509,394","4,624,047","4,624,047","1,372,247","1,372,247","6,165,129","6,165,129","6,984,723","6,984,723","10,050,811","10,050,811","5,707,390","5,707,390","2,949,965","2,949,965","6,168,187","6,168,187","1,104,271","1,104,271","1,963,692","1,963,692","3,143,991","3,143,991","1,388,992","1,388,992","9,267,130","9,267,130","2,115,877","2,115,877","19,835,913","19,835,913","10,551,162","10,551,162","774,948","774,948","11,780,017","11,780,017","3,986,639","3,986,639","4,246,155","4,246,155","12,964,056","12,964,056","1,095,610","1,095,610","5,190,705","5,190,705","895,376","895,376","6,975,218","6,975,218","29,527,941","29,527,941","3,337,975","3,337,975","645,570","645,570","8,642,274","8,642,274","7,738,692","7,738,692","1,782,959","1,782,959","5,895,908","5,895,908","578,803","578,803","3,263,584","3,263,584"
"        One race","4,789,266","95.0%","635,040","86.7%","5,814,168","79.9%","2,726,637","90.1%","31,783,803","81.0%","4,946,739","85.1%","3,186,915","88.4%","908,737","90.6%","605,430","90.4%","17,616,088","80.9%","9,854,045","91.2%","1,062,092","73.7%","1,722,992","90.6%","11,264,999","88.9%","6,303,966","92.6%","2,976,977","93.2%","2,623,678","89.4%","4,223,397","93.7%","4,312,158","93.3%","1,296,370","94.5%","5,671,962","92.0%","6,205,605","88.8%","9,351,317","93.0%","5,315,967","93.1%","2,800,499","94.9%","5,699,486","92.4%","1,034,227","93.7%","1,792,596","91.3%","2,592,378","82.5%","1,299,716","93.6%","8,146,898","87.9%","1,533,352","72.5%","17,715,708","89.3%","9,665,999","91.6%","727,812","93.9%","11,020,574","93.6%","3,428,032","86.0%","3,746,421","88.2%","12,061,291","93.0%","965,539","88.1%","4,850,172","93.4%","841,636","94.0%","6,499,943","93.2%","22,467,960","76.1%","3,021,098","90.5%","612,430","94.9%","7,818,991","90.5%","6,782,025","87.6%","1,693,936","95.0%","5,458,553","92.6%","531,686","91.9%","2,096,414","64.2%"
"        Two or more races","250,611","5.0%","97,633","13.3%","1,462,148","20.1%","299,254","9.9%","7,454,033","19.0%","865,330","14.9%","418,682","11.6%","94,647","9.4%","64,620","9.6%","4,165,040","19.1%","945,521","8.8%","379,461","26.3%","177,931","9.4%","1,406,470","11.1%","502,019","7.4%","216,102","6.8%","310,904","10.6%","285,997","6.3%","311,889","6.7%","75,877","5.5%","493,167","8.0%","779,118","11.2%","699,494","7.0%","391,423","6.9%","149,466","5.1%","468,701","7.6%","70,044","6.3%","171,096","8.7%","551,613","17.5%","89,276","6.4%","1,120,232","12.1%","582,525","27.5%","2,120,205","10.7%","885,163","8.4%","47,136","6.1%","759,443","6.4%","558,607","14.0%","499,734","11.8%","902,765","7.0%","130,071","11.9%","340,533","6.6%","53,740","6.0%","475,275","6.8%","7,059,981","23.9%","316,877","9.5%","33,140","5.1%","823,283","9.5%","956,667","12.4%","89,023","5.0%","437,355","7.4%","47,117","8.1%","1,167,170","35.8%"
"        One race","4,789,266","95.0%","635,040","86.7%","5,814,168","79.9%","2,726,637","90.1%","31,783,803","81.0%","4,946,739","85.1%","3,186,915","88.4%","908,737","90.6%","605,430","90.4%","17,616,088","80.9%","9,854,045","91.2%","1,062,092","73.7%","1,722,992","90.6%","11,264,999","88.9%","6,303,966","92.6%","2,976,977","93.2%","2,623,678","89.4%","4,223,397","93.7%","4,312,158","93.3%","1,296,370","94.5%","5,671,962","92.0%","6,205,605","88.8%","9,351,317","93.0%","5,315,967","93.1%","2,800,499","94.9%","5,699,486","92.4%","1,034,227","93.7%","1,792,596","91.3%","2,592,378","82.5%","1,299,716","93.6%","8,146,898","87.9%","1,533,352","72.5%","17,715,708","89.3%","9,665,999","91.6%","727,812","93.9%","11,020,574","93.6%","3,428,032","86.0%","3,746,421","88.2%","12,061,291","93.0%","965,539","88.1%","4,850,172","93.4%","841,636","94.0%","6,499,943","93.2%","22,467,960","76.1%","3,021,098","90.5%","612,430","94.9%","7,818,991","90.5%","6,782,025","87.6%","1,693,936","95.0%","5,458,553","92.6%","531,686","91.9%","2,096,414","64.2%"
"            White","3,281,881","65.1%","435,004","59.4%","4,241,669","58.3%","2,115,847","69.9%","15,443,776","39.4%","4,101,383","70.6%","2,354,580","65.3%","609,759","60.8%","253,842","37.9%","12,210,739","56.1%","5,602,328","51.9%","319,677","22.2%","1,548,085","81.4%","7,770,962","61.3%","5,308,520","78.0%","2,696,700","84.5%","2,230,826","76.0%","3,756,439","83.3%","2,675,200","57.9%","1,241,485","90.5%","3,018,844","49.0%","4,832,195","69.2%","7,438,013","74.0%","4,436,857","77.7%","1,654,011","56.1%","4,775,960","77.4%","939,189","85.1%","1,540,520","78.5%","1,560,010","49.6%","1,221,431","87.9%","5,062,888","54.6%","955,024","45.1%","11,022,836","55.6%","6,587,453","62.4%","644,265","83.1%","9,110,505","77.3%","2,617,058","65.6%","3,169,447","74.6%","9,704,692","74.9%","775,695","70.8%","3,301,055","63.6%","722,723","80.7%","5,097,360","73.1%","14,129,750","47.9%","2,647,741","79.3%","588,142","91.1%","5,251,112","60.8%","5,139,448","66.4%","1,617,386","90.7%","4,732,002","80.3%","489,477","84.6%","914,840","28.0%"
"            Black or African American","1,305,106","25.9%","22,003","3.0%","326,638","4.5%","447,402","14.8%","2,161,485","5.5%","229,367","3.9%","380,846","10.6%","208,369","20.8%","289,302","43.2%","3,285,618","15.1%","3,323,900","30.8%","28,484","2.0%","14,235","0.7%","1,722,604","13.6%","601,428","8.8%","115,173","3.6%","154,732","5.3%","324,634","7.2%","1,441,645","31.2%","21,069","1.5%","1,810,345","29.4%","466,735","6.7%","1,345,050","13.4%","388,575","6.8%","1,064,950","36.1%","666,815","10.8%","5,703","0.5%","91,635","4.7%","288,117","9.2%","20,291","1.5%","1,194,085","12.9%","42,824","2.0%","2,812,364","14.2%","2,118,333","20.1%","22,561","2.9%","1,406,378","11.9%","274,632","6.9%","80,735","1.9%","1,351,852","10.4%","54,408","5.0%","1,299,709","25.0%","17,810","2.0%","1,079,627","15.5%","3,525,415","11.9%","35,982","1.1%","7,120","1.1%","1,587,833","18.4%","308,785","4.0%","50,770","2.8%","364,138","6.2%","6,687","1.2%","200,391","6.1%"
"            American Indian and Alaska Native","24,830","0.5%","100,397","13.7%","294,658","4.0%","17,058","0.6%","535,468","1.4%","60,377","1.0%","12,238","0.3%","3,385","0.3%","1,281","0.2%","63,540","0.3%","53,642","0.5%","4,837","0.3%","23,990","1.3%","84,713","0.7%","19,174","0.3%","15,288","0.5%","21,670","0.7%","10,357","0.2%","23,926","0.5%","4,770","0.3%","25,208","0.4%","15,835","0.2%","51,188","0.5%","48,309","0.8%","15,648","0.5%","22,046","0.4%","63,896","5.8%","23,547","1.2%","44,661","1.4%","1,550","0.1%","35,727","0.4%","197,031","9.3%","119,692","0.6%","116,742","1.1%","35,955","4.6%","20,594","0.2%","297,937","7.5%","56,281","1.3%","22,765","0.2%","3,297","0.3%","19,948","0.4%","73,115","8.2%","18,070","0.3%","227,815","0.8%","32,622","1.0%","1,234","0.2%","37,018","0.4%","100,624","1.3%","2,277","0.1%","42,107","0.7%","10,356","1.8%","6,340","0.2%"
"                Cherokee tribal grouping","4,719","0.1%","321","0.0%","2,381","0.0%","3,539","0.1%","11,064","0.0%","1,953","0.0%","N","N","N","N","N","N","3,760","0.0%","6,824","0.1%","667","0.0%","3,001","0.2%","3,010","0.0%","3,640","0.1%","710","0.0%","3,512","0.1%","2,094","0.0%","N","N","217","0.0%","N","N","N","N","2,200","0.0%","117","0.0%","N","N","4,207","0.1%","676","0.1%","258","0.0%","1,241","0.0%","N","N","N","N","922","0.0%","1,939","0.0%","12,288","0.1%","136","0.0%","2,341","0.0%","114,651","2.9%","3,242","0.1%","1,766","0.0%","N","N","N","N","82","0.0%","3,687","0.1%","12,310","0.0%","777","0.0%","N","N","1,245","0.0%","1,464","0.0%","N","N","651","0.0%","212","0.0%","N","N"
"                Chippewa tribal grouping","82","0.0%","369","0.1%","810","0.0%","102","0.0%","1,725","0.0%","507","0.0%","N","N","N","N","N","N","907","0.0%","202","0.0%","0","0.0%","176","0.0%","598","0.0%","227","0.0%","500","0.0%","132","0.0%","622","0.0%","N","N","117","0.0%","N","N","N","N","16,923","0.2%","28,474","0.5%","N","N","533","0.0%","2,265","0.2%","78","0.0%","760","0.0%","N","N","N","N","61","0.0%","335","0.0%","197","0.0%","14,289","1.8%","195","0.0%","810","0.0%","1,010","0.0%","123","0.0%","N","N","N","N","1,035","0.1%","541","0.0%","867","0.0%","49","0.0%","N","N","993","0.0%","1,389","0.0%","N","N","10,864","0.2%","149","0.0%","N","N"
"                Navajo tribal grouping","194","0.0%","57","0.0%","138,680","1.9%","97","0.0%","10,298","0.0%","8,794","0.2%","N","N","N","N","N","N","261","0.0%","236","0.0%","623","0.0%","457","0.0%","2,679","0.0%","139","0.0%","111","0.0%","258","0.0%","65","0.0%","N","N","69","0.0%","N","N","N","N","142","0.0%","606","0.0%","N","N","299","0.0%","540","0.0%","462","0.0%","3,526","0.1%","N","N","N","N","130,286","6.2%","919","0.0%","348","0.0%","1,108","0.1%","621","0.0%","1,095","0.0%","1,661","0.0%","243","0.0%","N","N","N","N","164","0.0%","384","0.0%","5,582","0.0%","12,575","0.4%","N","N","889","0.0%","2,149","0.0%","N","N","290","0.0%","50","0.0%","N","N"
"                Sioux tribal grouping","487","0.0%","176","0.0%","1,759","0.0%","0","0.0%","3,531","0.0%","4,466","0.1%","N","N","N","N","N","N","173","0.0%","179","0.0%","0","0.0%","308","0.0%","401","0.0%","328","0.0%","2,015","0.1%","672","0.0%","434","0.0%","N","N","151","0.0%","N","N","N","N","528","0.0%","3,474","0.1%","N","N","393","0.0%","965","0.1%","5,193","0.3%","203","0.0%","N","N","N","N","284","0.0%","0","0.0%","198","0.0%","11,514","1.5%","158","0.0%","1,252","0.0%","1,515","0.0%","102","0.0%","N","N","N","N","59,812","6.7%","102","0.0%","1,506","0.0%","172","0.0%","N","N","144","0.0%","1,379","0.0%","N","N","241","0.0%","558","0.1%","N","N"
"            Asian","68,813","1.4%","47,347","6.5%","245,285","3.4%","43,928","1.5%","5,967,495","15.2%","185,093","3.2%","172,878","4.8%","41,066","4.1%","27,692","4.1%","620,260","2.8%","465,880","4.3%","536,161","37.2%","26,001","1.4%","728,531","5.7%","162,321","2.4%","75,373","2.4%","85,422","2.9%","64,314","1.4%","80,506","1.7%","16,827","1.2%","407,982","6.6%","493,647","7.1%","322,255","3.2%","289,783","5.1%","24,909","0.8%","124,164","2.0%","10,309","0.9%","45,285","2.3%","269,851","8.6%","36,422","2.6%","925,055","10.0%","34,739","1.6%","1,727,826","8.7%","325,011","3.1%","11,255","1.5%","283,555","2.4%","90,192","2.3%","190,234","4.5%","470,184","3.6%","34,144","3.1%","85,953","1.7%","14,350","1.6%","118,920","1.7%","1,550,868","5.3%","84,056","2.5%","11,345","1.8%","586,231","6.8%","732,701","9.5%","14,106","0.8%","175,743","3.0%","5,020","0.9%","6,615","0.2%"
"                Asian Indian","14,760","0.3%","2,012","0.3%","59,856","0.8%","11,628","0.4%","886,731","2.3%","32,647","0.6%","60,974","1.7%","14,868","1.5%","7,664","1.1%","179,497","0.8%","165,041","1.5%","2,664","0.2%","4,594","0.2%","252,255","2.0%","43,231","0.6%","12,733","0.4%","21,924","0.7%","15,778","0.3%","9,352","0.2%","2,599","0.2%","104,982","1.7%","118,709","1.7%","117,783","1.2%","44,561","0.8%","5,042","0.2%","34,185","0.6%","866","0.1%","7,733","0.4%","13,934","0.4%","11,004","0.8%","418,237","4.5%","2,606","0.1%","369,127","1.9%","122,068","1.2%","1,762","0.2%","91,921","0.8%","19,874","0.5%","26,894","0.6%","157,794","1.2%","7,364","0.7%","24,619","0.5%","5,155","0.6%","34,358","0.5%","499,852","1.7%","10,816","0.3%","2,132","0.3%","152,826","1.8%","155,851","2.0%","2,003","0.1%","36,438","0.6%","919","0.2%","N","N"
"                Chinese","11,337","0.2%","2,944","0.4%","45,868","0.6%","5,180","0.2%","1,615,259","4.1%","34,857","0.6%","41,541","1.2%","9,574","1.0%","6,813","1.0%","96,347","0.4%","64,380","0.6%","60,323","4.2%","4,357","0.2%","125,230","1.0%","29,309","0.4%","9,282","0.3%","13,775","0.5%","8,529","0.2%","10,733","0.2%","4,925","0.4%","84,190","1.4%","182,076","2.6%","55,889","0.6%","33,446","0.6%","4,768","0.2%","27,000","0.4%","2,405","0.2%","5,244","0.3%","53,495","1.7%","7,687","0.6%","163,575","1.8%","5,672","0.3%","702,215","3.5%","51,601","0.5%","1,282","0.2%","55,122","0.5%","10,969","0.3%","42,558","1.0%","100,303","0.8%","7,276","0.7%","12,782","0.2%","889","0.1%","19,179","0.3%","235,086","0.8%","16,017","0.5%","2,161","0.3%","76,574","0.9%","173,693","2.2%","2,793","0.2%","23,018","0.4%","938","0.2%","N","N"
"                Filipino","7,014","0.1%","27,066","3.7%","48,916","0.7%","4,627","0.2%","1,277,122","3.3%","19,107","0.3%","17,597","0.5%","6,349","0.6%","2,676","0.4%","119,455","0.5%","34,062","0.3%","213,337","14.8%","3,555","0.2%","132,497","1.0%","14,646","0.2%","6,446","0.2%","6,240","0.2%","6,667","0.1%","7,011","0.2%","2,238","0.2%","44,222","0.7%","14,075","0.2%","25,194","0.3%","14,457","0.3%","3,144","0.1%","14,736","0.2%","2,543","0.2%","4,843","0.2%","137,136","4.4%","1,931","0.1%","120,415","1.3%","10,448","0.5%","117,062","0.6%","25,377","0.2%","1,122","0.1%","25,985","0.2%","8,459","0.2%","22,544","0.5%","27,514","0.2%","2,808","0.3%","14,804","0.3%","2,899","0.3%","11,568","0.2%","130,499","0.4%","10,090","0.3%","790","0.1%","80,289","0.9%","111,429","1.4%","2,412","0.1%","13,991","0.2%","1,397","0.2%","N","N"
"                Japanese","2,712","0.1%","1,191","0.2%","10,222","0.1%","847","0.0%","255,499","0.7%","8,747","0.2%","2,499","0.1%","870","0.1%","912","0.1%","16,589","0.1%","10,554","0.1%","166,881","11.6%","2,605","0.1%","16,509","0.1%","5,392","0.1%","733","0.0%","1,497","0.1%","2,907","0.1%","1,297","0.0%","501","0.0%","7,957","0.1%","8,579","0.1%","13,675","0.1%","4,436","0.1%","991","0.0%","2,123","0.0%","2,327","0.2%","1,317","0.1%","12,562","0.4%","1,014","0.1%","11,781","0.1%","1,653","0.1%","35,687","0.2%","6,943","0.1%","687","0.1%","9,999","0.1%","1,422","0.0%","12,366","0.3%","6,698","0.1%","384","0.0%","3,967","0.1%","830","0.1%","4,967","0.1%","28,802","0.1%","6,660","0.2%","593","0.1%","11,315","0.1%","30,715","0.4%","852","0.0%","2,004","0.0%","279","0.0%","N","N"
"                Korean","14,231","0.3%","3,266","0.4%","15,066","0.2%","1,134","0.0%","463,808","1.2%","21,337","0.4%","10,336","0.3%","2,195","0.2%","3,820","0.6%","26,280","0.1%","64,100","0.6%","24,032","1.7%","1,923","0.1%","63,222","0.5%","9,085","0.1%","8,042","0.3%","4,966","0.2%","5,014","0.1%","3,549","0.1%","945","0.1%","43,523","0.7%","27,104","0.4%","30,513","0.3%","13,767","0.2%","857","0.0%","8,159","0.1%","728","0.1%","2,006","0.1%","13,683","0.4%","1,723","0.1%","98,647","1.1%","2,011","0.1%","116,359","0.6%","22,986","0.2%","745","0.1%","14,165","0.1%","4,812","0.1%","16,185","0.4%","36,809","0.3%","1,700","0.2%","4,323","0.1%","199","0.0%","7,292","0.1%","79,434","0.3%","5,731","0.2%","927","0.1%","74,185","0.9%","62,731","0.8%","1,097","0.1%","6,252","0.1%","311","0.1%","N","N"
"                Vietnamese","12,337","0.2%","892","0.1%","31,841","0.4%","5,897","0.2%","675,235","1.7%","26,206","0.5%","8,066","0.2%","3,221","0.3%","949","0.1%","92,610","0.4%","65,019","0.6%","12,541","0.9%","3,209","0.2%","26,452","0.2%","6,795","0.1%","6,992","0.2%","15,037","0.5%","5,028","0.1%","29,580","0.6%","1,556","0.1%","28,963","0.5%","58,696","0.8%","18,889","0.2%","24,799","0.4%","8,063","0.3%","17,086","0.3%","139","0.0%","6,322","0.3%","14,541","0.5%","3,700","0.3%","22,371","0.2%","5,964","0.3%","30,808","0.2%","37,139","0.4%","1,834","0.2%","14,663","0.1%","16,020","0.4%","35,294","0.8%","42,169","0.3%","1,045","0.1%","10,595","0.2%","331","0.0%","11,789","0.2%","288,877","1.0%","10,111","0.3%","628","0.1%","59,610","0.7%","89,077","1.2%","2,004","0.1%","5,418","0.1%","282","0.0%","N","N"
"                Other Asian","6,422","0.1%","9,976","1.4%","33,516","0.5%","14,615","0.5%","793,841","2.0%","42,192","0.7%","31,865","0.9%","3,989","0.4%","4,858","0.7%","89,482","0.4%","62,724","0.6%","56,383","3.9%","5,758","0.3%","112,366","0.9%","53,863","0.8%","31,145","1.0%","21,983","0.7%","20,391","0.5%","18,984","0.4%","4,063","0.3%","94,145","1.5%","84,408","1.2%","60,312","0.6%","154,317","2.7%","2,044","0.1%","20,875","0.3%","1,301","0.1%","17,820","0.9%","24,500","0.8%","9,363","0.7%","90,029","1.0%","6,385","0.3%","356,568","1.8%","58,897","0.6%","3,823","0.5%","71,700","0.6%","28,636","0.7%","34,393","0.8%","98,897","0.8%","13,567","1.2%","14,863","0.3%","4,047","0.5%","29,767","0.4%","288,318","1.0%","24,631","0.7%","4,114","0.6%","131,432","1.5%","109,205","1.4%","2,945","0.2%","88,622","1.5%","894","0.2%","N","N"
"            Native Hawaiian and Other Pacific Islander","1,661","0.0%","11,171","1.5%","12,432","0.2%","11,814","0.4%","152,125","0.4%","8,668","0.1%","1,478","0.0%","415","0.0%","153","0.0%","12,453","0.1%","5,453","0.1%","145,556","10.1%","1,729","0.1%","5,780","0.0%","1,687","0.0%","4,859","0.2%","1,767","0.1%","4,988","0.1%","3,652","0.1%","365","0.0%","3,545","0.1%","2,106","0.0%","2,512","0.0%","1,904","0.0%","577","0.0%","7,157","0.1%","397","0.0%","594","0.0%","23,025","0.7%","39","0.0%","3,664","0.0%","1,350","0.1%","9,815","0.0%","5,915","0.1%","1,792","0.2%","6,580","0.1%","5,247","0.1%","16,727","0.4%","4,515","0.0%","1,492","0.1%","2,123","0.0%","680","0.1%","6,259","0.1%","23,046","0.1%","28,855","0.9%","101","0.0%","8,330","0.1%","54,556","0.7%","491","0.0%","752","0.0%","96","0.0%","84","0.0%"
"                Native Hawaiian","990","0.0%","1,086","0.1%","5,423","0.1%","N","N","20,825","0.1%","3,564","0.1%","N","N","N","N","N","N","3,245","0.0%","1,850","0.0%","90,370","6.3%","621","0.0%","2,671","0.0%","N","N","N","N","N","N","1,021","0.0%","N","N","N","N","1,018","0.0%","1,114","0.0%","809","0.0%","N","N","N","N","1,866","0.0%","N","N","N","N","8,532","0.3%","N","N","905","0.0%","N","N","2,680","0.0%","1,211","0.0%","N","N","1,888","0.0%","1,683","0.0%","2,903","0.1%","2,621","0.0%","N","N","808","0.0%","N","N","1,319","0.0%","7,057","0.0%","2,211","0.1%","N","N","1,720","0.0%","8,025","0.1%","N","N","N","N","N","N","N","N"
"                Chamorro","268","0.0%","151","0.0%","2,684","0.0%","N","N","16,850","0.0%","1,818","0.0%","N","N","N","N","N","N","3,040","0.0%","1,403","0.0%","2,269","0.2%","372","0.0%","132","0.0%","N","N","N","N","N","N","498","0.0%","N","N","N","N","1,160","0.0%","420","0.0%","446","0.0%","N","N","N","N","316","0.0%","N","N","N","N","2,929","0.1%","N","N","729","0.0%","N","N","1,457","0.0%","1,876","0.0%","N","N","1,439","0.0%","242","0.0%","1,756","0.0%","890","0.0%","N","N","394","0.0%","N","N","1,316","0.0%","6,158","0.0%","1,279","0.0%","N","N","3,324","0.0%","10,886","0.1%","N","N","N","N","N","N","N","N"
"                Samoan","226","0.0%","8,170","1.1%","1,540","0.0%","N","N","43,429","0.1%","1,063","0.0%","N","N","N","N","N","N","1,335","0.0%","1,111","0.0%","14,595","1.0%","391","0.0%","1,559","0.0%","N","N","N","N","N","N","449","0.0%","N","N","N","N","205","0.0%","201","0.0%","860","0.0%","N","N","N","N","1,018","0.0%","N","N","N","N","4,150","0.1%","N","N","577","0.0%","N","N","841","0.0%","1,414","0.0%","N","N","349","0.0%","436","0.0%","2,035","0.0%","164","0.0%","N","N","705","0.0%","N","N","848","0.0%","2,522","0.0%","7,849","0.2%","N","N","1,887","0.0%","17,348","0.2%","N","N","N","N","N","N","N","N"
"                Other Pacific Islander","177","0.0%","1,764","0.2%","2,785","0.0%","N","N","71,021","0.2%","2,223","0.0%","N","N","N","N","N","N","4,833","0.0%","1,089","0.0%","38,322","2.7%","345","0.0%","1,418","0.0%","N","N","N","N","N","N","3,020","0.1%","N","N","N","N","1,162","0.0%","371","0.0%","397","0.0%","N","N","N","N","3,957","0.1%","N","N","N","N","7,414","0.2%","N","N","1,453","0.0%","N","N","4,837","0.0%","1,414","0.0%","N","N","2,904","0.0%","2,886","0.1%","10,033","0.2%","840","0.0%","N","N","216","0.0%","N","N","2,776","0.0%","7,309","0.0%","17,516","0.5%","N","N","1,399","0.0%","18,297","0.2%","N","N","N","N","N","N","N","N"
"            Some other race","106,975","2.1%","19,118","2.6%","693,486","9.5%","90,588","3.0%","7,523,454","19.2%","361,851","6.2%","264,895","7.3%","45,743","4.6%","33,160","4.9%","1,423,478","6.5%","402,842","3.7%","27,377","1.9%","108,952","5.7%","952,409","7.5%","210,836","3.1%","69,584","2.2%","129,261","4.4%","62,665","1.4%","87,229","1.9%","11,854","0.9%","406,038","6.6%","395,087","5.7%","192,299","1.9%","150,539","2.6%","40,404","1.4%","103,344","1.7%","14,733","1.3%","91,015","4.6%","406,714","12.9%","19,983","1.4%","925,479","10.0%","302,384","14.3%","2,023,175","10.2%","512,545","4.9%","11,984","1.5%","192,962","1.6%","142,966","3.6%","232,997","5.5%","507,283","3.9%","96,503","8.8%","141,384","2.7%","12,958","1.4%","179,707","2.6%","3,011,066","10.2%","191,842","5.7%","4,488","0.7%","348,467","4.0%","445,911","5.8%","8,906","0.5%","143,811","2.4%","20,050","3.5%","968,144","29.7%"
"        Two or more races","250,611","5.0%","97,633","13.3%","1,462,148","20.1%","299,254","9.9%","7,454,033","19.0%","865,330","14.9%","418,682","11.6%","94,647","9.4%","64,620","9.6%","4,165,040","19.1%","945,521","8.8%","379,461","26.3%","177,931","9.4%","1,406,470","11.1%","502,019","7.4%","216,102","6.8%","310,904","10.6%","285,997","6.3%","311,889","6.7%","75,877","5.5%","493,167","8.0%","779,118","11.2%","699,494","7.0%","391,423","6.9%","149,466","5.1%","468,701","7.6%","70,044","6.3%","171,096","8.7%","551,613","17.5%","89,276","6.4%","1,120,232","12.1%","582,525","27.5%","2,120,205","10.7%","885,163","8.4%","47,136","6.1%","759,443","6.4%","558,607","14.0%","499,734","11.8%","902,765","7.0%","130,071","11.9%","340,533","6.6%","53,740","6.0%","475,275","6.8%","7,059,981","23.9%","316,877","9.5%","33,140","5.1%","823,283","9.5%","956,667","12.4%","89,023","5.0%","437,355","7.4%","47,117","8.1%","1,167,170","35.8%"
"            White and Black or African American","41,648","0.8%","7,013","1.0%","74,889","1.0%","27,581","0.9%","299,726","0.8%","53,669","0.9%","56,076","1.6%","16,416","1.6%","10,946","1.6%","252,407","1.2%","146,695","1.4%","4,920","0.3%","7,054","0.4%","115,111","0.9%","95,165","1.4%","34,132","1.1%","44,758","1.5%","56,540","1.3%","49,029","1.1%","7,220","0.5%","87,681","1.4%","60,908","0.9%","137,708","1.4%","68,815","1.2%","30,106","1.0%","66,051","1.1%","4,470","0.4%","23,233","1.2%","43,014","1.4%","10,216","0.7%","80,557","0.9%","13,649","0.6%","196,539","1.0%","158,389","1.5%","6,118","0.8%","190,986","1.6%","55,113","1.4%","34,917","0.8%","162,757","1.3%","13,094","1.2%","65,232","1.3%","5,863","0.7%","89,448","1.3%","238,001","0.8%","16,994","0.5%","2,799","0.4%","134,427","1.6%","91,637","1.2%","19,963","1.1%","58,974","1.0%","1,336","0.2%","29,490","0.9%"
"            White and American Indian and Alaska Native","57,231","1.1%","40,190","5.5%","82,997","1.1%","54,558","1.8%","292,705","0.7%","71,876","1.2%","15,449","0.4%","10,926","1.1%","2,161","0.3%","117,855","0.5%","112,442","1.0%","9,396","0.7%","27,494","1.4%","98,044","0.8%","88,053","1.3%","29,211","0.9%","48,555","1.7%","73,696","1.6%","47,874","1.0%","16,305","1.2%","30,903","0.5%","25,565","0.4%","84,534","0.8%","60,427","1.1%","40,236","1.4%","92,236","1.5%","24,371","2.2%","16,962","0.9%","27,375","0.9%","12,869","0.9%","25,585","0.3%","31,499","1.5%","85,358","0.4%","128,547","1.2%","15,534","2.0%","115,619","1.0%","225,070","5.6%","76,621","1.8%","73,311","0.6%","5,738","0.5%","59,127","1.1%","18,262","2.0%","93,272","1.3%","233,212","0.8%","30,256","0.9%","8,468","1.3%","69,591","0.8%","113,273","1.5%","26,265","1.5%","54,052","0.9%","11,281","1.9%","601","0.0%"
"            White and Asian","19,017","0.4%","10,808","1.5%","68,386","0.9%","15,879","0.5%","636,381","1.6%","64,324","1.1%","25,623","0.7%","5,577","0.6%","7,245","1.1%","118,372","0.5%","58,720","0.5%","73,880","5.1%","16,485","0.9%","91,368","0.7%","32,247","0.5%","17,597","0.6%","18,369","0.6%","18,986","0.4%","15,991","0.3%","7,944","0.6%","52,570","0.9%","65,182","0.9%","69,759","0.7%","50,469","0.9%","11,725","0.4%","36,304","0.6%","4,728","0.4%","16,594","0.8%","49,903","1.6%","10,892","0.8%","60,435","0.7%","11,039","0.5%","147,628","0.7%","59,610","0.6%","3,383","0.4%","61,520","0.5%","23,612","0.6%","59,625","1.4%","72,270","0.6%","8,225","0.8%","27,319","0.5%","5,506","0.6%","33,567","0.5%","173,252","0.6%","36,218","1.1%","3,999","0.6%","102,465","1.2%","150,049","1.9%","4,937","0.3%","34,181","0.6%","3,374","0.6%","530","0.0%"
"            Black or African American and American Indian and Alaska Native","9,680","0.2%","1,091","0.1%","7,956","0.1%","2,027","0.1%","46,377","0.1%","5,876","0.1%","7,631","0.2%","4,059","0.4%","3,387","0.5%","23,551","0.1%","26,600","0.2%","1,116","0.1%","94","0.0%","16,412","0.1%","5,136","0.1%","1,400","0.0%","5,896","0.2%","5,064","0.1%","10,992","0.2%","373","0.0%","17,001","0.3%","5,313","0.1%","14,111","0.1%","3,773","0.1%","3,766","0.1%","8,002","0.1%","205","0.0%","745","0.0%","3,479","0.1%","116","0.0%","12,590","0.1%","2,998","0.1%","31,006","0.2%","24,470","0.2%","630","0.1%","17,827","0.2%","19,778","0.5%","1,921","0.0%","18,724","0.1%","1,497","0.1%","8,187","0.2%","312","0.0%","8,791","0.1%","39,677","0.1%","1,436","0.0%","755","0.1%","18,453","0.2%","8,209","0.1%","346","0.0%","3,634","0.1%","101","0.0%","823","0.0%"
"Race alone or in combination with one or more other races","","","","","","","","","","","","","","","","","","","","","","","","","","","","","","","","","","","","","","","","","","","","","","","","","","","","","","","","","","","","","","","","","","","","","","","","","","","","","","","","","","","","","","","","","","","","","","","","","","","","","","","",""
"    Total population","5,039,877","5,039,877","732,673","732,673","7,276,316","7,276,316","3,025,891","3,025,891","39,237,836","39,237,836","5,812,069","5,812,069","3,605,597","3,605,597","1,003,384","1,003,384","670,050","670,050","21,781,128","21,781,128","10,799,566","10,799,566","1,441,553","1,441,553","1,900,923","1,900,923","12,671,469","12,671,469","6,805,985","6,805,985","3,193,079","3,193,079","2,934,582","2,934,582","4,509,394","4,509,394","4,624,047","4,624,047","1,372,247","1,372,247","6,165,129","6,165,129","6,984,723","6,984,723","10,050,811","10,050,811","5,707,390","5,707,390","2,949,965","2,949,965","6,168,187","6,168,187","1,104,271","1,104,271","1,963,692","1,963,692","3,143,991","3,143,991","1,388,992","1,388,992","9,267,130","9,267,130","2,115,877","2,115,877","19,835,913","19,835,913","10,551,162","10,551,162","774,948","774,948","11,780,017","11,780,017","3,986,639","3,986,639","4,246,155","4,246,155","12,964,056","12,964,056","1,095,610","1,095,610","5,190,705","5,190,705","895,376","895,376","6,975,218","6,975,218","29,527,941","29,527,941","3,337,975","3,337,975","645,570","645,570","8,642,274","8,642,274","7,738,692","7,738,692","1,782,959","1,782,959","5,895,908","5,895,908","578,803","578,803","3,263,584","3,263,584"
"        White","3,507,335","69.6%","522,115","71.3%","5,645,464","77.6%","2,405,726","79.5%","22,418,889","57.1%","4,928,975","84.8%","2,729,818","75.7%","690,900","68.9%","306,793","45.8%","16,145,142","74.1%","6,427,324","59.5%","617,903","42.9%","1,720,408","90.5%","9,095,983","71.8%","5,786,317","85.0%","2,902,511","90.9%","2,526,216","86.1%","4,028,761","89.3%","2,953,186","63.9%","1,315,304","95.9%","3,438,289","55.8%","5,498,872","78.7%","8,099,335","80.6%","4,810,922","84.3%","1,793,210","60.8%","5,221,765","84.7%","1,008,087","91.3%","1,703,949","86.8%","2,064,558","65.7%","1,306,669","94.1%","6,042,866","65.2%","1,511,375","71.4%","12,699,572","64.0%","7,392,623","70.1%","689,486","89.0%","9,820,152","83.4%","3,142,156","78.8%","3,645,894","85.9%","10,508,980","81.1%","883,044","80.6%","3,617,237","69.7%","775,061","86.6%","5,541,396","79.4%","20,947,659","70.9%","2,949,899","88.4%","619,150","95.9%","5,994,739","69.4%","6,043,274","78.1%","1,704,440","95.6%","5,150,413","87.4%","536,008","92.6%","1,967,103","60.3%"
"        Black or African American","1,378,109","27.3%","38,623","5.3%","458,285","6.3%","489,012","16.2%","2,848,110","7.3%","330,255","5.7%","498,445","13.8%","243,431","24.3%","315,284","47.1%","3,848,174","17.7%","3,607,865","33.4%","52,774","3.7%","24,514","1.3%","1,928,227","15.2%","731,678","10.8%","163,204","5.1%","221,163","7.5%","406,188","9.0%","1,532,955","33.2%","30,783","2.2%","1,991,236","32.3%","704,726","10.1%","1,543,093","15.4%","484,015","8.5%","1,111,980","37.7%","764,905","12.4%","11,016","1.0%","122,957","6.3%","374,500","11.9%","36,986","2.7%","1,434,689","15.5%","73,138","3.5%","3,488,324","17.6%","2,387,469","22.6%","31,918","4.1%","1,683,309","14.3%","380,869","9.6%","137,439","3.2%","1,655,558","12.8%","96,535","8.8%","1,395,125","26.9%","25,895","2.9%","1,214,204","17.4%","4,031,100","13.7%","69,900","2.1%","12,965","2.0%","1,828,776","21.2%","457,780","5.9%","76,807","4.3%","450,872","7.6%","9,062","1.6%","436,295","13.4%"
"        American Indian and Alaska Native","105,702","2.1%","151,861","20.7%","438,351","6.0%","83,619","2.8%","1,301,969","3.3%","194,212","3.3%","54,174","1.5%","23,607","2.4%","10,232","1.5%","310,535","1.4%","256,025","2.4%","40,944","2.8%","61,299","3.2%","263,088","2.1%","132,837","2.0%","56,020","1.8%","92,417","3.1%","105,381","2.3%","100,148","2.2%","23,720","1.7%","106,989","1.7%","74,083","1.1%","177,692","1.8%","133,449","2.3%","69,291","2.3%","138,710","2.2%","91,509","8.3%","47,696","2.4%","99,511","3.2%","17,246","1.2%","119,368","1.3%","270,863","12.8%","353,795","1.8%","311,921","3.0%","54,830","7.1%","190,485","1.6%","580,669","14.6%","177,769","4.2%","158,803","1.2%","16,210","1.5%","99,727","1.9%","93,881","10.5%","141,000","2.0%","697,766","2.4%","84,484","2.5%","11,990","1.9%","176,135","2.0%","274,352","3.5%","32,658","1.8%","117,368","2.0%","24,513","4.2%","72,928","2.2%"
"        Asian","96,645","1.9%","65,864","9.0%","349,654","4.8%","67,428","2.2%","6,971,642","17.8%","276,601","4.8%","210,148","5.8%","50,814","5.1%","38,928","5.8%","822,675","3.8%","568,011","5.3%","814,349","56.5%","48,426","2.5%","857,730","6.8%","205,442","3.0%","98,950","3.1%","110,497","3.8%","92,590","2.1%","106,668","2.3%","26,335","1.9%","495,564","8.0%","577,225","8.3%","410,321","4.1%","353,442","6.2%","46,065","1.6%","173,416","2.8%","16,946","1.5%","66,456","3.4%","356,794","11.3%","48,923","3.5%","1,028,826","11.1%","58,007","2.7%","1,967,535","9.9%","416,542","3.9%","16,337","2.1%","368,384","3.1%","126,067","3.2%","279,725","6.6%","574,824","4.4%","44,520","4.1%","121,947","2.3%","20,954","2.3%","165,773","2.4%","1,846,200","6.3%","134,220","4.0%","15,970","2.5%","736,940","8.5%","950,527","12.3%","20,932","1.2%","217,403","3.7%","9,056","1.6%","9,382","0.3%"
"        Native Hawaiian and Other Pacific Islander","8,252","0.2%","18,313","2.5%","31,604","0.4%","16,293","0.5%","330,772","0.8%","24,771","0.4%","6,877","0.2%","2,606","0.3%","813","0.1%","45,616","0.2%","24,193","0.2%","380,825","26.4%","7,757","0.4%","16,201","0.1%","9,255","0.1%","9,166","0.3%","6,222","0.2%","8,685","0.2%","6,833","0.1%","1,151","0.1%","13,854","0.2%","8,461","0.1%","14,913","0.1%","8,016","0.1%","4,708","0.2%","15,763","0.3%","2,546","0.2%","3,788","0.2%","48,366","1.5%","1,542","0.1%","14,484","0.2%","6,332","0.3%","32,934","0.2%","20,709","0.2%","4,153","0.5%","21,351","0.2%","10,488","0.3%","34,516","0.8%","17,924","0.1%","3,276","0.3%","8,087","0.2%","1,606","0.2%","17,030","0.2%","70,738","0.2%","54,571","1.6%","588","0.1%","26,170","0.3%","109,687","1.4%","1,188","0.1%","6,263","0.1%","861","0.1%","979","0.0%"
"        Some other race","214,922","4.3%","43,669","6.0%","1,882,744","25.9%","278,267","9.2%","13,401,119","34.2%","996,401","17.1%","562,909","15.6%","95,286","9.5%","68,745","10.3%","4,977,435","22.9%","940,545","8.7%","86,483","6.0%","227,852","12.0%","1,998,448","15.8%","471,870","6.9%","192,866","6.0%","309,313","10.5%","177,356","3.9%","259,545","5.6%","54,179","3.9%","664,579","10.8%","994,238","14.2%","551,075","5.5%","338,609","5.9%","91,502","3.1%","347,876","5.6%","47,592","4.3%","197,510","10.1%","793,401","25.2%","72,074","5.2%","1,823,946","19.7%","814,130","38.5%","3,606,852","18.2%","970,684","9.2%","30,104","3.9%","520,157","4.4%","346,043","8.7%","526,638","12.4%","1,027,533","7.9%","194,203","17.7%","305,866","5.9%","34,652","3.9%","401,917","5.8%","9,263,902","31.4%","393,436","11.8%","20,085","3.1%","790,465","9.1%","952,577","12.3%","42,257","2.4%","414,759","7.0%","49,386","8.5%","2,098,760","64.3%"
"HISPANIC OR LATINO AND RACE","","","","","","","","","","","","","","","","","","","","","","","","","","","","","","","","","","","","","","","","","","","","","","","","","","","","","","","","","","","","","","","","","","","","","","","","","","","","","","","","","","","","","","","","","","","","","","","","","","","","","","","",""
"    Total population","5,039,877","5,039,877","732,673","732,673","7,276,316","7,276,316","3,025,891","3,025,891","39,237,836","39,237,836","5,812,069","5,812,069","3,605,597","3,605,597","1,003,384","1,003,384","670,050","670,050","21,781,128","21,781,128","10,799,566","10,799,566","1,441,553","1,441,553","1,900,923","1,900,923","12,671,469","12,671,469","6,805,985","6,805,985","3,193,079","3,193,079","2,934,582","2,934,582","4,509,394","4,509,394","4,624,047","4,624,047","1,372,247","1,372,247","6,165,129","6,165,129","6,984,723","6,984,723","10,050,811","10,050,811","5,707,390","5,707,390","2,949,965","2,949,965","6,168,187","6,168,187","1,104,271","1,104,271","1,963,692","1,963,692","3,143,991","3,143,991","1,388,992","1,388,992","9,267,130","9,267,130","2,115,877","2,115,877","19,835,913","19,835,913","10,551,162","10,551,162","774,948","774,948","11,780,017","11,780,017","3,986,639","3,986,639","4,246,155","4,246,155","12,964,056","12,964,056","1,095,610","1,095,610","5,190,705","5,190,705","895,376","895,376","6,975,218","6,975,218","29,527,941","29,527,941","3,337,975","3,337,975","645,570","645,570","8,642,274","8,642,274","7,738,692","7,738,692","1,782,959","1,782,959","5,895,908","5,895,908","578,803","578,803","3,263,584","3,263,584"
"        Hispanic or Latino (of any race)","237,434","4.7%","52,291","7.1%","2,351,124","32.3%","247,641","8.2%","15,754,608","40.2%","1,293,214","22.3%","637,113","17.7%","101,213","10.1%","76,919","11.5%","5,830,915","26.8%","1,083,524","10.0%","160,134","11.1%","251,916","13.3%","2,277,330","18.0%","518,001","7.6%","212,306","6.6%","373,723","12.7%","176,747","3.9%","256,086","5.5%","26,227","1.9%","684,323","11.1%","897,350","12.8%","559,716","5.6%","332,039","5.8%","93,868","3.2%","281,445","4.6%","47,420","4.3%","233,800","11.9%","940,759","29.9%","60,323","4.3%","1,991,635","21.5%","1,059,236","50.1%","3,864,337","19.5%","1,070,001","10.1%","32,043","4.1%","505,113","4.3%","467,246","11.7%","596,516","14.0%","1,082,550","8.4%","187,777","17.1%","329,424","6.3%","37,785","4.2%","420,391","6.0%","11,857,387","40.2%","493,639","14.8%","13,206","2.0%","879,350","10.2%","1,059,156","13.7%","30,350","1.7%","441,323","7.5%","61,090","10.6%","3,239,060","99.2%"
"            Mexican","145,112","2.9%","22,299","3.0%","2,008,741","27.6%","168,405","5.6%","12,699,700","32.4%","906,912","15.6%","59,915","1.7%","38,020","3.8%","11,457","1.7%","785,184","3.6%","553,892","5.1%","52,485","3.6%","205,294","10.8%","1,757,306","13.9%","356,501","5.2%","153,858","4.8%","286,245","9.8%","92,409","2.0%","68,788","1.5%","8,171","0.6%","115,989","1.9%","50,921","0.7%","384,807","3.8%","199,975","3.5%","48,306","1.6%","165,835","2.7%","31,747","2.9%","161,125","8.2%","693,197","22.0%","11,442","0.8%","231,000","2.5%","685,330","32.4%","469,828","2.4%","538,184","5.1%","21,059","2.7%","212,403","1.8%","354,431","8.9%","473,003","11.1%","177,215","1.4%","10,858","1.0%","165,277","3.2%","18,624","2.1%","219,910","3.2%","9,721,127","32.9%","338,842","10.2%","4,026","0.6%","196,543","2.3%","801,325","10.4%","10,905","0.6%","298,280","5.1%","43,678","7.5%","6,062","0.2%"
"            Puerto Rican","21,921","0.4%","8,653","1.2%","55,899","0.8%","9,416","0.3%","223,991","0.6%","35,644","0.6%","288,922","8.0%","29,914","3.0%","8,507","1.3%","1,176,465","5.4%","131,779","1.2%","51,633","3.6%","5,873","0.3%","206,062","1.6%","53,576","0.8%","8,136","0.3%","19,621","0.7%","15,548","0.3%","13,329","0.3%","4,302","0.3%","57,150","0.9%","323,528","4.6%","53,958","0.5%","14,298","0.3%","7,761","0.3%","18,440","0.3%","1,964","0.2%","6,921","0.4%","30,389","1.0%","20,772","1.5%","484,727","5.2%","12,285","0.6%","1,008,909","5.1%","122,272","1.2%","3,762","0.5%","143,688","1.2%","18,640","0.5%","15,252","0.4%","466,450","3.6%","47,638","4.3%","40,214","0.8%","2,898","0.3%","32,819","0.5%","253,800","0.9%","11,341","0.3%","1,649","0.3%","109,439","1.3%","41,412","0.5%","5,345","0.3%","69,917","1.2%","1,458","0.3%","3,128,427","95.9%"
"            Cuban","7,732","0.2%","3,182","0.4%","21,569","0.3%","2,767","0.1%","103,500","0.3%","12,213","0.2%","16,464","0.5%","1,598","0.2%","3,802","0.6%","1,541,559","7.1%","34,275","0.3%","1,828","0.1%","2,221","0.1%","26,856","0.2%","7,028","0.1%","3,597","0.1%","3,566","0.1%","21,341","0.5%","11,313","0.2%","1,475","0.1%","14,611","0.2%","12,351","0.2%","19,519","0.2%","7,075","0.1%","1,703","0.1%","7,444","0.1%","651","0.1%","6,541","0.3%","31,149","1.0%","1,957","0.1%","94,260","1.0%","5,090","0.2%","83,771","0.4%","33,258","0.3%","393","0.1%","10,615","0.1%","3,875","0.1%","8,775","0.2%","26,316","0.2%","2,755","0.3%","11,264","0.2%","2,074","0.2%","15,097","0.2%","123,565","0.4%","4,936","0.1%","668","0.1%","20,300","0.2%","14,159","0.2%","895","0.1%","6,923","0.1%","276","0.0%","10,041","0.3%"
"            Other Hispanic or Latino","62,669","1.2%","18,157","2.5%","264,915","3.6%","67,053","2.2%","2,727,417","7.0%","338,445","5.8%","271,812","7.5%","31,681","3.2%","53,153","7.9%","2,327,707","10.7%","363,578","3.4%","54,188","3.8%","38,528","2.0%","287,106","2.3%","100,896","1.5%","46,715","1.5%","64,291","2.2%","47,449","1.1%","162,656","3.5%","12,279","0.9%","496,573","8.1%","510,550","7.3%","101,432","1.0%","110,691","1.9%","36,098","1.2%","89,726","1.5%","13,058","1.2%","59,213","3.0%","186,024","5.9%","26,152","1.9%","1,181,648","12.8%","356,531","16.9%","2,301,829","11.6%","376,287","3.6%","6,829","0.9%","138,407","1.2%","90,300","2.3%","99,486","2.3%","412,569","3.2%","126,526","11.5%","112,669","2.2%","14,189","1.6%","152,565","2.2%","1,758,895","6.0%","138,520","4.1%","6,863","1.1%","553,068","6.4%","202,260","2.6%","13,205","0.7%","66,203","1.1%","15,678","2.7%","94,530","2.9%"
"        Not Hispanic or Latino","4,802,443","95.3%","680,382","92.9%","4,925,192","67.7%","2,778,250","91.8%","23,483,228","59.8%","4,518,855","77.7%","2,968,484","82.3%","902,171","89.9%","593,131","88.5%","15,950,213","73.2%","9,716,042","90.0%","1,281,419","88.9%","1,649,007","86.7%","10,394,139","82.0%","6,287,984","92.4%","2,980,773","93.4%","2,560,859","87.3%","4,332,647","96.1%","4,367,961","94.5%","1,346,020","98.1%","5,480,806","88.9%","6,087,373","87.2%","9,491,095","94.4%","5,375,351","94.2%","2,856,097","96.8%","5,886,742","95.4%","1,056,851","95.7%","1,729,892","88.1%","2,203,232","70.1%","1,328,669","95.7%","7,275,495","78.5%","1,056,641","49.9%","15,971,576","80.5%","9,481,161","89.9%","742,905","95.9%","11,274,904","95.7%","3,519,393","88.3%","3,649,639","86.0%","11,881,506","91.6%","907,833","82.9%","4,861,281","93.7%","857,591","95.8%","6,554,827","94.0%","17,670,554","59.8%","2,844,336","85.2%","632,364","98.0%","7,762,924","89.8%","6,679,536","86.3%","1,752,609","98.3%","5,454,585","92.5%","517,713","89.4%","24,524","0.8%"
"            White alone","3,233,247","64.2%","424,145","57.9%","3,784,275","52.0%","2,064,333","68.2%","13,441,755","34.3%","3,788,266","65.2%","2,262,380","62.7%","595,212","59.3%","244,063","36.4%","11,139,831","51.1%","5,424,226","50.2%","299,546","20.8%","1,495,476","78.7%","7,467,855","58.9%","5,215,156","76.6%","2,649,470","83.0%","2,152,951","73.4%","3,727,280","82.7%","2,630,665","56.9%","1,235,554","90.0%","2,949,300","47.8%","4,713,213","67.5%","7,322,792","72.9%","4,386,767","76.9%","1,635,321","55.4%","4,722,344","76.6%","925,450","83.8%","1,500,747","76.4%","1,420,256","45.2%","1,211,910","87.3%","4,828,800","52.1%","738,716","34.9%","10,603,657","53.5%","6,428,725","60.9%","637,557","82.3%","9,017,917","76.6%","2,505,170","62.8%","3,059,202","72.0%","9,535,499","73.6%","754,554","68.9%","3,249,208","62.6%","716,326","80.0%","5,029,919","72.1%","11,627,221","39.4%","2,537,421","76.0%","585,062","90.6%","5,119,655","59.2%","4,976,134","64.3%","1,611,007","90.4%","4,656,345","79.0%","472,006","81.5%","14,809","0.5%"
"            Black or African American alone","1,298,268","25.8%","21,085","2.9%","312,197","4.3%","445,772","14.7%","2,071,059","5.3%","217,416","3.7%","355,253","9.9%","205,217","20.5%","285,945","42.7%","3,186,335","14.6%","3,283,699","30.4%","26,145","1.8%","13,675","0.7%","1,696,453","13.4%","595,406","8.7%","112,210","3.5%","151,031","5.1%","320,130","7.1%","1,434,334","31.0%","20,472","1.5%","1,790,066","29.0%","437,589","6.3%","1,329,383","13.2%","384,548","6.7%","1,063,101","36.0%","661,189","10.7%","5,601","0.5%","89,950","4.6%","274,003","8.7%","18,078","1.3%","1,141,525","12.3%","35,144","1.7%","2,651,928","13.4%","2,096,104","19.9%","22,345","2.9%","1,387,681","11.8%","265,588","6.7%","76,060","1.8%","1,316,152","10.2%","49,453","4.5%","1,291,548","24.9%","17,037","1.9%","1,072,455","15.4%","3,429,983","11.6%","33,238","1.0%","6,745","1.0%","1,558,523","18.0%","298,542","3.9%","50,305","2.8%","357,639","6.1%","5,692","1.0%","4,219","0.1%"
"            American Indian and Alaska Native alone","16,022","0.3%","98,626","13.5%","241,173","3.3%","11,077","0.4%","96,069","0.2%","19,091","0.3%","3,621","0.1%","2,149","0.2%","277","0.0%","20,354","0.1%","18,480","0.2%","1,420","0.1%","13,554","0.7%","12,711","0.1%","9,302","0.1%","8,550","0.3%","10,692","0.4%","7,302","0.2%","17,493","0.4%","4,582","0.3%","7,872","0.1%","5,116","0.1%","33,724","0.3%","38,933","0.7%","12,004","0.4%","13,313","0.2%","61,082","5.5%","12,556","0.6%","18,712","0.6%","694","0.0%","6,008","0.1%","172,248","8.1%","35,726","0.2%","92,155","0.9%","34,854","4.5%","11,075","0.1%","269,588","6.8%","29,303","0.7%","7,083","0.1%","2,161","0.2%","11,427","0.2%","70,427","7.9%","8,688","0.1%","46,146","0.2%","19,496","0.6%","1,095","0.2%","11,957","0.1%","61,838","0.8%","1,858","0.1%","30,853","0.5%","9,334","1.6%","0","0.0%"
"            Asian alone","67,957","1.3%","46,611","6.4%","238,183","3.3%","42,588","1.4%","5,872,575","15.0%","180,990","3.1%","170,011","4.7%","40,932","4.1%","26,908","4.0%","605,613","2.8%","462,008","4.3%","525,498","36.5%","25,849","1.4%","721,215","5.7%","161,434","2.4%","74,014","2.3%","83,866","2.9%","63,041","1.4%","79,424","1.7%","16,811","1.2%","405,177","6.6%","489,808","7.0%","320,300","3.2%","287,144","5.0%","24,455","0.8%","122,872","2.0%","9,862","0.9%","44,238","2.3%","262,669","8.4%","36,184","2.6%","918,374","9.9%","31,698","1.5%","1,713,659","8.6%","322,736","3.1%","10,952","1.4%","280,366","2.4%","89,025","2.2%","186,787","4.4%","467,751","3.6%","33,906","3.1%","83,805","1.6%","14,308","1.6%","117,306","1.7%","1,517,806","5.1%","82,121","2.5%","11,315","1.8%","582,233","6.7%","724,080","9.4%","13,998","0.8%","173,879","2.9%","4,708","0.8%","1,608","0.0%"
"            Native Hawaiian and Other Pacific Islander alone","1,661","0.0%","10,994","1.5%","11,269","0.2%","11,724","0.4%","138,488","0.4%","8,105","0.1%","703","0.0%","235","0.0%","86","0.0%","10,500","0.0%","4,509","0.0%","138,601","9.6%","1,729","0.1%","3,292","0.0%","1,425","0.0%","4,739","0.1%","1,767","0.1%","4,458","0.1%","3,554","0.1%","299","0.0%","2,963","0.0%","1,463","0.0%","2,249","0.0%","1,886","0.0%","577","0.0%","6,693","0.1%","397","0.0%","594","0.0%","22,090","0.7%","23","0.0%","2,720","0.0%","854","0.0%","5,656","0.0%","5,798","0.1%","1,720","0.2%","5,658","0.0%","5,045","0.1%","15,675","0.4%","2,558","0.0%","758","0.1%","1,912","0.0%","656","0.1%","4,079","0.1%","18,881","0.1%","28,064","0.8%","101","0.0%","7,367","0.1%","52,803","0.7%","491","0.0%","752","0.0%","96","0.0%","0","0.0%"
"            Some other race alone","15,944","0.3%","3,744","0.5%","41,944","0.6%","6,550","0.2%","222,579","0.6%","35,913","0.6%","28,071","0.8%","4,482","0.4%","4,324","0.6%","148,780","0.7%","55,060","0.5%","4,605","0.3%","14,632","0.8%","62,103","0.5%","25,920","0.4%","10,257","0.3%","12,435","0.4%","14,017","0.3%","19,495","0.4%","5,502","0.4%","35,210","0.6%","92,190","1.3%","44,432","0.4%","27,863","0.5%","9,670","0.3%","30,812","0.5%","4,901","0.4%","8,181","0.4%","19,736","0.6%","6,385","0.5%","77,148","0.8%","8,894","0.4%","196,044","1.0%","50,784","0.5%","2,483","0.3%","50,684","0.4%","15,784","0.4%","28,498","0.7%","69,229","0.5%","10,215","0.9%","21,694","0.4%","3,326","0.4%","26,129","0.4%","119,512","0.4%","13,705","0.4%","1,935","0.3%","52,950","0.6%","51,819","0.7%","3,181","0.2%","21,745","0.4%","3,930","0.7%","2,305","0.1%"
"            Two or more races","169,344","3.4%","75,177","10.3%","296,151","4.1%","196,206","6.5%","1,640,703","4.2%","269,074","4.6%","148,445","4.1%","53,944","5.4%","31,528","4.7%","838,800","3.9%","468,060","4.3%","285,604","19.8%","84,092","4.4%","430,510","3.4%","279,341","4.1%","121,533","3.8%","148,117","5.0%","196,419","4.4%","182,996","4.0%","62,800","4.6%","290,218","4.7%","347,994","5.0%","438,215","4.4%","248,210","4.3%","110,969","3.8%","329,519","5.3%","49,558","4.5%","73,626","3.7%","185,766","5.9%","55,395","4.0%","300,920","3.2%","69,087","3.3%","764,906","3.9%","484,859","4.6%","32,994","4.3%","521,523","4.4%","369,193","9.3%","254,114","6.0%","483,234","3.7%","56,786","5.2%","201,687","3.9%","35,511","4.0%","296,251","4.2%","911,005","3.1%","130,291","3.9%","26,111","4.0%","430,239","5.0%","514,320","6.6%","71,769","4.0%","213,372","3.6%","21,947","3.8%","1,583","0.0%"
"                Two races including Some other race","28,472","0.6%","8,278","1.1%","60,311","0.8%","89,774","3.0%","290,466","0.7%","78,408","1.3%","53,679","1.5%","10,354","1.0%","5,187","0.8%","273,334","1.3%","73,540","0.7%","7,880","0.5%","32,829","1.7%","96,238","0.8%","47,490","0.7%","31,260","1.0%","29,193","1.0%","27,847","0.6%","43,331","0.9%","29,449","2.1%","64,868","1.1%","168,626","2.4%","112,372","1.1%","52,804","0.9%","13,806","0.5%","110,251","1.8%","14,165","1.3%","13,463","0.7%","39,267","1.2%","20,458","1.5%","106,191","1.1%","15,234","0.7%","278,046","1.4%","77,848","0.7%","5,424","0.7%","103,324","0.9%","29,745","0.7%","65,683","1.5%","127,996","1.0%","23,636","2.2%","29,463","0.6%","5,532","0.6%","51,614","0.7%","207,228","0.7%","31,540","0.9%","8,719","1.4%","69,732","0.8%","96,700","1.2%","17,349","1.0%","57,289","1.0%","6,523","1.1%","817","0.0%"
"                Two races excluding Some other race, and Three or more races","140,872","2.8%","66,899","9.1%","235,840","3.2%","106,432","3.5%","1,350,237","3.4%","190,666","3.3%","94,766","2.6%","43,590","4.3%","26,341","3.9%","565,466","2.6%","394,520","3.7%","277,724","19.3%","51,263","2.7%","334,272","2.6%","231,851","3.4%","90,273","2.8%","118,924","4.1%","168,572","3.7%","139,665","3.0%","33,351","2.4%","225,350","3.7%","179,368","2.6%","325,843","3.2%","195,406","3.4%","97,163","3.3%","219,268","3.6%","35,393","3.2%","60,163","3.1%","146,499","4.7%","34,937","2.5%","194,729","2.1%","53,853","2.5%","486,860","2.5%","407,011","3.9%","27,570","3.6%","418,199","3.6%","339,448","8.5%","188,431","4.4%","355,238","2.7%","33,150","3.0%","172,224","3.3%","29,979","3.3%","244,637","3.5%","703,777","2.4%","98,751","3.0%","17,392","2.7%","360,507","4.2%","417,620","5.4%","54,420","3.1%","156,083","2.6%","15,424","2.7%","766","0.0%"
"Total housing units","2,313,616","(X)","327,889","(X)","3,138,685","(X)","1,380,768","(X)","14,512,149","(X)","2,540,783","(X)","1,536,327","(X)","457,978","(X)","357,482","(X)","10,054,509","(X)","4,475,242","(X)","564,878","(X)","775,330","(X)","5,440,294","(X)","2,950,121","(X)","1,426,039","(X)","1,284,353","(X)","2,008,227","(X)","2,093,387","(X)","744,620","(X)","2,546,364","(X)","3,017,772","(X)","4,590,384","(X)","2,517,173","(X)","1,332,041","(X)","2,807,632","(X)","521,916","(X)","854,298","(X)","1,305,534","(X)","643,979","(X)","3,779,591","(X)","948,042","(X)","8,530,561","(X)","4,801,698","(X)","374,435","(X)","5,269,498","(X)","1,762,113","(X)","1,837,009","(X)","5,770,472","(X)","484,925","(X)","2,395,957","(X)","400,688","(X)","3,087,992","(X)","11,867,820","(X)","1,190,154","(X)","336,747","(X)","3,652,329","(X)","3,257,140","(X)","858,462","(X)","2,748,274","(X)","274,373","(X)","1,526,801","(X)"
"CITIZEN, VOTING AGE POPULATION","","","","","","","","","","","","","","","","","","","","","","","","","","","","","","","","","","","","","","","","","","","","","","","","","","","","","","","","","","","","","","","","","","","","","","","","","","","","","","","","","","","","","","","","","","","","","","","","","","","","","","","",""
"    Citizen, 18 and over population","3,829,788","3,829,788","533,852","533,852","5,216,518","5,216,518","2,237,649","2,237,649","26,028,290","26,028,290","4,303,604","4,303,604","2,659,979","2,659,979","754,114","754,114","502,670","502,670","15,855,982","15,855,982","7,786,111","7,786,111","1,044,019","1,044,019","1,373,714","1,373,714","9,087,338","9,087,338","5,030,200","5,030,200","2,379,570","2,379,570","2,128,111","2,128,111","3,405,618","3,405,618","3,439,830","3,439,830","1,100,974","1,100,974","4,417,293","4,417,293","5,121,488","5,121,488","7,640,514","7,640,514","4,221,515","4,221,515","2,226,474","2,226,474","4,675,531","4,675,531","857,649","857,649","1,411,320","1,411,320","2,193,360","2,193,360","1,103,239","1,103,239","6,433,068","6,433,068","1,545,938","1,545,938","14,109,037","14,109,037","7,808,186","7,808,186","576,588","576,588","8,943,128","8,943,128","2,903,864","2,903,864","3,200,314","3,200,314","9,918,163","9,918,163","827,415","827,415","3,940,745","3,940,745","659,768","659,768","5,248,512","5,248,512","19,375,866","19,375,866","2,251,328","2,251,328","518,387","518,387","6,354,439","6,354,439","5,529,508","5,529,508","1,408,767","1,408,767","4,480,576","4,480,576","436,049","436,049","2,674,230","2,674,230"
"        Male","1,827,345","47.7%","281,367","52.7%","2,584,180","49.5%","1,085,739","48.5%","12,858,732","49.4%","2,167,373","50.4%","1,286,843","48.4%","359,786","47.7%","234,461","46.6%","7,678,891","48.4%","3,721,152","47.8%","526,988","50.5%","684,575","49.8%","4,422,882","48.7%","2,457,902","48.9%","1,177,892","49.5%","1,053,177","49.5%","1,661,952","48.8%","1,656,382","48.2%","537,607","48.8%","2,111,600","47.8%","2,459,498","48.0%","3,741,885","49.0%","2,099,079","49.7%","1,061,407","47.7%","2,277,424","48.7%","433,797","50.6%","700,355","49.6%","1,100,782","50.2%","547,189","49.6%","3,119,809","48.5%","763,690","49.4%","6,777,199","48.0%","3,744,703","48.0%","297,341","51.6%","4,348,176","48.6%","1,423,981","49.0%","1,577,129","49.3%","4,835,481","48.8%","399,258","48.3%","1,882,964","47.8%","331,598","50.3%","2,530,341","48.2%","9,539,693","49.2%","1,127,660","50.1%","255,710","49.3%","3,104,501","48.9%","2,766,294","50.0%","694,950","49.3%","2,226,041","49.7%","221,939","50.9%","1,246,100","46.6%"
"        Female","2,002,443","52.3%","252,485","47.3%","2,632,338","50.5%","1,151,910","51.5%","13,169,558","50.6%","2,136,231","49.6%","1,373,136","51.6%","394,328","52.3%","268,209","53.4%","8,177,091","51.6%","4,064,959","52.2%","517,031","49.5%","689,139","50.2%","4,664,456","51.3%","2,572,298","51.1%","1,201,678","50.5%","1,074,934","50.5%","1,743,666","51.2%","1,783,448","51.8%","563,367","51.2%","2,305,693","52.2%","2,661,990","52.0%","3,898,629","51.0%","2,122,436","50.3%","1,165,067","52.3%","2,398,107","51.3%","423,852","49.4%","710,965","50.4%","1,092,578","49.8%","556,050","50.4%","3,313,259","51.5%","782,248","50.6%","7,331,838","52.0%","4,063,483","52.0%","279,247","48.4%","4,594,952","51.4%","1,479,883","51.0%","1,623,185","50.7%","5,082,682","51.2%","428,157","51.7%","2,057,781","52.2%","328,170","49.7%","2,718,171","51.8%","9,836,173","50.8%","1,123,668","49.9%","262,677","50.7%","3,249,938","51.1%","2,763,214","50.0%","713,817","50.7%","2,254,535","50.3%","214,110","49.1%","1,428,130","53.4%"